1,0,1.12
2,0,1.12
3,0,1.12
4,0,1.12
5,0.047,1.12
6,0.047,1.12
7,0.047,1.12
8,0.047,1.12
9,0.047,1.12
10,0.047,1.12
11,0.047,1.12
12,0.047,1.12
13,0.047,1.12
14,0.09,1.12
15,0.09,1.12
16,0.09,1.12
17,0.09,1.12
18,0.09,1.12
19,0.09,1.12
20,0.09,1.12
21,0.09,1.12
22,0.09,1.12
23,0.09,1.12
24,0.09,1.12
25,0.09,1.12
26,0.09,1.12
27,0.09,1.12
28,0.09,1.12
29,0.09,1.12
30,0.137,1.12
31,0.137,1.12
32,0.09,1.12
33,0.137,1.12
34,0.137,1.12
35,0.137,1.12
36,0.137,1.12
37,0.137,1.12
38,0.137,1.12
39,0.137,1.12
40,0.137,1.12
41,0.137,1.12
42,0.137,1.12
43,0.137,1.12
44,0.137,1.12
45,0.137,1.12
46,0.137,1.12
47,0.137,1.12
48,0.137,1.12
49,0.137,1.12
50,0.137,1.12
51,0.137,1.12
52,0.137,1.12
53,0.137,1.12
54,0.137,1.12
55,0.137,1.12
56,0.137,1.12
57,0.137,1.12
58,0.137,1.12
59,0.184,1.12
60,0.137,1.12
61,0.184,1.12
62,0.137,1.12
63,0.184,1.12
64,0.184,1.12
65,0.184,1.12
66,0.184,1.12
67,0.184,1.12
68,0.184,1.12
69,0.184,1.12
70,0.184,1.12
71,0.184,1.12
72,0.184,1.12
73,0.184,1.12
74,0.184,1.12
75,0.184,1.12
76,0.184,1.12
77,0.184,1.12
78,0.184,1.12
79,0.184,1.12
80,0.184,1.12
81,0.184,1.12
82,0.184,1.12
83,0.184,1.12
84,0.184,1.12
85,0.184,1.12
86,0.184,1.12
87,0.184,1.12
88,0.184,1.12
89,0.184,1.12
90,0.227,1.12
91,0.184,1.12
92,0.184,1.12
93,0.184,1.12
94,0.184,1.12
95,0.184,1.12
96,0.227,1.12
97,0.227,1.12
98,0.227,1.12
99,0.227,1.12
100,0.227,1.12
101,0.227,1.12
102,0.227,1.12
103,0.227,1.12
104,0.227,1.12
105,0.227,1.12
106,0.227,1.12
107,0.227,1.12
108,0.227,1.12
109,0.227,1.12
110,0.227,1.12
111,0.227,1.12
112,0.227,1.12
113,0.227,1.12
114,0.227,1.12
115,0.227,1.12
116,0.227,1.12
117,0.227,1.12
118,0.227,1.12
119,0.227,1.12
120,0.227,1.12
121,0.227,1.12
122,0.227,1.12
123,0.227,1.12
124,0.227,1.12
125,0.227,1.12
126,0.227,1.12
127,0.227,1.12
128,0.227,1.12
129,0.227,1.12
130,0.227,1.12
131,0.227,1.12
132,0.227,1.12
133,0.227,1.12
134,0.227,1.12
135,0.227,1.12
136,0.227,1.12
137,0.227,1.12
138,0.227,1.12
139,0.227,1.12
140,0.227,1.12
141,0.227,1.12
142,0.227,1.12
143,0.227,1.12
144,0.227,1.12
145,0.227,1.12
146,0.227,1.12
147,0.227,1.12
148,0.227,1.12
149,0.227,1.12
150,0.274,1.12
151,0.227,1.12
152,0.227,1.12
153,0.227,1.12
154,0.227,1.12
155,0.274,1.12
156,0.227,1.12
157,0.227,1.12
158,0.227,1.12
159,0.227,1.12
160,0.274,1.12
161,0.227,1.12
162,0.227,1.12
163,0.227,1.12
164,0.227,1.12
165,0.227,1.12
166,0.227,1.12
167,0.227,1.12
168,0.227,1.12
169,0.227,1.12
170,0.227,1.12
171,0.274,1.12
172,0.274,1.12
173,0.227,1.12
174,0.227,1.12
175,0.227,1.12
176,0.227,1.12
177,0.227,1.12
178,0.227,1.12
179,0.227,1.12
180,0.274,1.12
181,0.274,1.12
182,0.274,1.12
183,0.274,1.12
184,0.274,1.12
185,0.274,1.12
186,0.274,1.12
187,0.274,1.12
188,0.274,1.12
189,0.274,1.12
190,0.274,1.12
191,0.274,1.12
192,0.274,1.12
193,0.274,1.12
194,0.274,1.12
195,0.274,1.12
196,0.274,1.12
197,0.274,1.12
198,0.274,1.12
199,0.274,1.12
200,0.274,1.12
201,0.274,1.12
202,0.274,1.12
203,0.274,1.12
204,0.274,1.12
205,0.274,1.12
206,0.274,1.12
207,0.274,1.12
208,0.274,1.12
209,0.274,1.12
210,0.274,1.12
211,0.274,1.12
212,0.274,1.12
213,0.274,1.12
214,0.274,1.12
215,0.274,1.12
216,0.274,1.12
217,0.274,1.12
218,0.274,1.12
219,0.274,1.12
220,0.274,1.12
221,0.274,1.12
222,0.274,1.12
223,0.274,1.12
224,0.274,1.12
225,0.274,1.12
226,0.274,1.12
227,0.274,1.12
228,0.274,1.12
229,0.274,1.12
230,0.274,1.12
231,0.274,1.12
232,0.274,1.12
233,0.274,1.12
234,0.274,1.12
235,0.274,1.12
236,0.274,1.12
237,0.274,1.12
238,0.274,1.12
239,0.274,1.12
240,0.274,1.12
241,0.274,1.12
242,0.274,1.12
243,0.274,1.12
244,0.274,1.12
245,0.274,1.12
246,0.274,1.12
247,0.274,1.12
248,0.274,1.12
249,0.274,1.12
250,0.274,1.12
251,0.274,1.12
252,0.274,1.12
253,0.274,1.12
254,0.274,1.12
255,0.274,1.12
256,0.274,1.12
257,0.274,1.12
258,0.274,1.12
259,0.274,1.12
260,0.274,1.12
261,0.274,1.12
262,0.274,1.12
263,0.274,1.12
264,0.274,1.12
265,0.274,1.12
266,0.274,1.12
267,0.274,1.12
268,0.274,1.12
269,0.274,1.12
270,0.274,1.12
271,0.274,1.12
272,0.274,1.12
273,0.274,1.12
274,0.274,1.12
275,0.274,1.12
276,0.274,1.12
277,0.274,1.12
278,0.274,1.12
279,0.274,1.12
280,0.274,1.12
281,0.274,1.12
282,0.274,1.12
283,0.274,1.12
284,0.274,1.12
285,0.274,1.12
286,0.274,1.12
287,0.274,1.12
288,0.274,1.12
289,0.274,1.12
290,0.274,1.12
291,0.274,1.12
292,0.274,1.12
293,0.321,1.12
294,0.321,1.12
295,0.321,1.12
296,0.321,1.12
297,0.321,1.12
298,0.321,1.12
299,0.321,1.12
300,0.321,1.12
301,0.321,1.12
302,0.321,1.12
303,0.321,1.12
304,0.321,1.12
305,0.321,1.12
306,0.321,1.12
307,0.321,1.12
308,0.321,1.12
309,0.321,1.12
310,0.321,1.12
311,0.321,1.12
312,0.321,1.12
313,0.321,1.12
314,0.321,1.12
315,0.321,1.12
316,0.321,1.12
317,0.321,1.12
318,0.321,1.12
319,0.321,1.12
320,0.321,1.12
321,0.321,1.12
322,0.321,1.12
323,0.321,1.12
324,0.321,1.12
325,0.321,1.12
326,0.321,1.12
327,0.321,1.12
328,0.321,1.12
329,0.321,1.12
330,0.321,1.12
331,0.321,1.12
332,0.321,1.12
333,0.321,1.12
334,0.321,1.12
335,0.321,1.12
336,0.321,1.12
337,0.321,1.12
338,0.321,1.12
339,0.321,1.12
340,0.321,1.12
341,0.321,1.12
342,0.321,1.12
343,0.321,1.12
344,0.321,1.12
345,0.321,1.12
346,0.321,1.12
347,0.321,1.12
348,0.321,1.12
349,0.321,1.12
350,0.321,1.12
351,0.321,1.12
352,0.321,1.12
353,0.321,1.12
354,0.321,1.12
355,0.321,1.12
356,0.321,1.12
357,0.321,1.12
358,0.321,1.12
359,0.321,1.12
360,0.321,1.12
361,0.321,1.12
362,0.321,1.12
363,0.321,1.12
364,0.321,1.12
365,0.321,1.12
366,0.321,1.12
367,0.321,1.12
368,0.321,1.12
369,0.321,1.12
370,0.321,1.12
371,0.321,1.12
372,0.321,1.12
373,0.321,1.12
374,0.321,1.12
375,0.321,1.12
376,0.321,1.12
377,0.321,1.12
378,0.321,1.12
379,0.321,1.12
380,0.321,1.12
381,0.321,1.12
382,0.321,1.12
383,0.321,1.12
384,0.321,1.12
385,0.321,1.12
386,0.321,1.12
387,0.321,1.12
388,0.321,1.12
389,0.321,1.12
390,0.321,1.12
391,0.321,1.12
392,0.321,1.12
393,0.321,1.12
394,0.321,1.12
395,0.321,1.12
396,0.321,1.12
397,0.321,1.12
398,0.321,1.12
399,0.321,1.12
400,0.321,1.12
401,0.321,1.12
402,0.321,1.12
403,0.321,1.12
404,0.321,1.12
405,0.321,1.12
406,0.321,1.12
407,0.321,1.12
408,0.321,1.12
409,0.321,1.12
410,0.321,1.12
411,0.321,1.12
412,0.321,1.12
413,0.321,1.12
414,0.321,1.12
415,0.321,1.12
416,0.321,1.12
417,0.321,1.12
418,0.364,1.12
419,0.321,1.12
420,0.321,1.12
421,0.321,1.12
422,0.364,1.12
423,0.364,1.12
424,0.364,1.12
425,0.364,1.12
426,0.364,1.12
427,0.364,1.12
428,0.364,1.12
429,0.364,1.12
430,0.364,1.12
431,0.364,1.12
432,0.364,1.12
433,0.364,1.12
434,0.364,1.12
435,0.364,1.12
436,0.364,1.12
437,0.364,1.12
438,0.364,1.12
439,0.364,1.12
440,0.364,1.12
441,0.364,1.12
442,0.364,1.12
443,0.364,1.12
444,0.364,1.12
445,0.364,1.12
446,0.364,1.12
447,0.364,1.12
448,0.364,1.12
449,0.364,1.12
450,0.364,1.12
451,0.364,1.12
452,0.364,1.12
453,0.364,1.12
454,0.364,1.12
455,0.364,1.12
456,0.364,1.12
457,0.364,1.12
458,0.364,1.12
459,0.364,1.12
460,0.364,1.12
461,0.364,1.12
462,0.364,1.12
463,0.364,1.12
464,0.364,1.12
465,0.364,1.12
466,0.364,1.12
467,0.364,1.12
468,0.364,1.12
469,0.364,1.12
470,0.364,1.12
471,0.364,1.12
472,0.364,1.12
473,0.364,1.12
474,0.364,1.12
475,0.364,1.12
476,0.364,1.12
477,0.364,1.12
478,0.364,1.12
479,0.364,1.12
480,0.364,1.12
481,0.364,1.12
482,0.364,1.12
483,0.364,1.12
484,0.364,1.12
485,0.364,1.12
486,0.364,1.12
487,0.364,1.12
488,0.364,1.12
489,0.364,1.12
490,0.364,1.12
491,0.364,1.12
492,0.364,1.12
493,0.364,1.12
494,0.364,1.12
495,0.364,1.12
496,0.364,1.12
497,0.364,1.12
498,0.364,1.12
499,0.364,1.12
500,0.364,1.12
501,0.364,1.12
502,0.364,1.12
503,0.364,1.12
504,0.364,1.12
505,0.364,1.12
506,0.364,1.12
507,0.364,1.12
508,0.364,1.12
509,0.364,1.12
510,0.364,1.12
511,0.364,1.12
512,0.364,1.12
513,0.364,1.12
514,0.364,1.12
515,0.364,1.12
516,0.364,1.12
517,0.364,1.12
518,0.364,1.12
519,0.364,1.12
520,0.364,1.12
521,0.364,1.12
522,0.364,1.12
523,0.364,1.12
524,0.364,1.12
525,0.364,1.12
526,0.364,1.12
527,0.364,1.12
528,0.364,1.12
529,0.364,1.12
530,0.364,1.12
531,0.364,1.12
532,0.364,1.12
533,0.364,1.12
534,0.364,1.12
535,0.364,1.12
536,0.364,1.12
537,0.364,1.12
538,0.364,1.12
539,0.364,1.12
540,0.364,1.12
541,0.364,1.12
542,0.364,1.12
543,0.364,1.12
544,0.364,1.12
545,0.364,1.12
546,0.364,1.12
547,0.364,1.12
548,0.364,1.12
549,0.411,1.12
550,0.364,1.12
551,0.364,1.12
552,0.364,1.12
553,0.364,1.12
554,0.364,1.12
555,0.411,1.12
556,0.411,1.12
557,0.364,1.12
558,0.364,1.12
559,0.364,1.12
560,0.411,1.12
561,0.411,1.12
562,0.411,1.12
563,0.411,1.12
564,0.411,1.12
565,0.364,1.12
566,0.364,1.12
567,0.411,1.12
568,0.411,1.12
569,0.411,1.12
570,0.411,1.12
571,0.411,1.12
572,0.411,1.12
573,0.411,1.12
574,0.411,1.12
575,0.411,1.12
576,0.411,1.12
577,0.411,1.12
578,0.411,1.12
579,0.411,1.12
580,0.411,1.12
581,0.411,1.12
582,0.411,1.12
583,0.411,1.12
584,0.411,1.12
585,0.411,1.12
586,0.411,1.12
587,0.411,1.12
588,0.411,1.12
589,0.411,1.12
590,0.411,1.12
591,0.411,1.12
592,0.411,1.12
593,0.411,1.12
594,0.411,1.12
595,0.411,1.12
596,0.411,1.12
597,0.411,1.12
598,0.411,1.12
599,0.411,1.12
600,0.411,1.12
601,0.411,1.12
602,0.411,1.12
603,0.411,1.12
604,0.411,1.12
605,0.411,1.12
606,0.411,1.12
607,0.411,1.12
608,0.411,1.12
609,0.411,1.12
610,0.411,1.12
611,0.411,1.12
612,0.411,1.12
613,0.411,1.12
614,0.411,1.12
615,0.411,1.12
616,0.411,1.12
617,0.411,1.12
618,0.411,1.12
619,0.411,1.12
620,0.411,1.12
621,0.411,1.12
622,0.411,1.12
623,0.411,1.12
624,0.411,1.12
625,0.411,1.12
626,0.411,1.12
627,0.411,1.12
628,0.411,1.12
629,0.411,1.12
630,0.411,1.12
631,0.411,1.12
632,0.411,1.12
633,0.411,1.12
634,0.411,1.12
635,0.411,1.12
636,0.411,1.12
637,0.411,1.12
638,0.411,1.12
639,0.411,1.12
640,0.411,1.12
641,0.411,1.12
642,0.411,1.12
643,0.411,1.12
644,0.411,1.12
645,0.411,1.12
646,0.411,1.12
647,0.411,1.12
648,0.411,1.12
649,0.411,1.12
650,0.411,1.12
651,0.411,1.12
652,0.411,1.12
653,0.411,1.12
654,0.411,1.12
655,0.411,1.12
656,0.411,1.12
657,0.411,1.12
658,0.411,1.12
659,0.411,1.12
660,0.411,1.12
661,0.411,1.12
662,0.411,1.12
663,0.411,1.12
664,0.411,1.12
665,0.411,1.12
666,0.411,1.12
667,0.411,1.12
668,0.411,1.12
669,0.411,1.12
670,0.411,1.12
671,0.457,1.12
672,0.411,1.12
673,0.411,1.12
674,0.411,1.12
675,0.411,1.12
676,0.457,1.12
677,0.411,1.12
678,0.411,1.12
679,0.457,1.12
680,0.411,1.12
681,0.457,1.12
682,0.457,1.12
683,0.411,1.12
684,0.411,1.12
685,0.411,1.12
686,0.457,1.12
687,0.457,1.12
688,0.457,1.12
689,0.457,1.12
690,0.457,1.12
691,0.457,1.12
692,0.457,1.12
693,0.457,1.12
694,0.457,1.12
695,0.457,1.12
696,0.457,1.12
697,0.457,1.12
698,0.457,1.12
699,0.457,1.12
700,0.457,1.12
701,0.457,1.12
702,0.457,1.12
703,0.457,1.12
704,0.457,1.12
705,0.457,1.12
706,0.457,1.12
707,0.457,1.12
708,0.457,1.12
709,0.457,1.12
710,0.457,1.12
711,0.457,1.12
712,0.457,1.12
713,0.457,1.12
714,0.457,1.12
715,0.457,1.12
716,0.457,1.12
717,0.457,1.12
718,0.457,1.12
719,0.457,1.12
720,0.457,1.12
721,0.457,1.12
722,0.457,1.12
723,0.457,1.12
724,0.457,1.12
725,0.457,1.12
1,0,1.16
2,0.043,1.16
3,0.043,1.16
4,0.043,1.16
5,0.043,1.16
6,0.043,1.16
7,0.043,1.16
8,0.043,1.16
9,0.09,1.16
10,0.09,1.16
11,0.09,1.16
12,0.09,1.16
13,0.09,1.16
14,0.09,1.16
15,0.09,1.16
16,0.133,1.16
17,0.133,1.16
18,0.133,1.16
19,0.133,1.16
20,0.133,1.16
21,0.133,1.16
22,0.133,1.16
23,0.133,1.16
24,0.133,1.16
25,0.133,1.16
26,0.133,1.16
27,0.18,1.16
28,0.18,1.16
29,0.18,1.16
30,0.18,1.16
31,0.18,1.16
32,0.18,1.16
33,0.18,1.16
34,0.18,1.16
35,0.18,1.16
36,0.18,1.16
37,0.18,1.16
38,0.18,1.16
39,0.18,1.16
40,0.18,1.16
41,0.18,1.16
42,0.18,1.16
43,0.18,1.16
44,0.223,1.16
45,0.223,1.16
46,0.223,1.16
47,0.223,1.16
48,0.223,1.16
49,0.223,1.16
50,0.223,1.16
51,0.223,1.16
52,0.223,1.16
53,0.223,1.16
54,0.223,1.16
55,0.223,1.16
56,0.223,1.16
57,0.223,1.16
58,0.223,1.16
59,0.223,1.16
60,0.223,1.16
61,0.223,1.16
62,0.223,1.16
63,0.223,1.16
64,0.223,1.16
65,0.223,1.16
66,0.223,1.16
67,0.223,1.16
68,0.223,1.16
69,0.266,1.16
70,0.266,1.16
71,0.266,1.16
72,0.266,1.16
73,0.266,1.16
74,0.266,1.16
75,0.266,1.16
76,0.266,1.16
77,0.266,1.16
78,0.266,1.16
79,0.266,1.16
80,0.266,1.16
81,0.266,1.16
82,0.266,1.16
83,0.266,1.16
84,0.266,1.16
85,0.266,1.16
86,0.266,1.16
87,0.266,1.16
88,0.266,1.16
89,0.266,1.16
90,0.266,1.16
91,0.266,1.16
92,0.266,1.16
93,0.266,1.16
94,0.266,1.16
95,0.266,1.16
96,0.313,1.16
97,0.266,1.16
98,0.266,1.16
99,0.266,1.16
100,0.266,1.16
101,0.266,1.16
102,0.266,1.16
103,0.266,1.16
104,0.266,1.16
105,0.266,1.16
106,0.266,1.16
107,0.266,1.16
108,0.266,1.16
109,0.266,1.16
110,0.266,1.16
111,0.313,1.16
112,0.313,1.16
113,0.313,1.16
114,0.313,1.16
115,0.313,1.16
116,0.313,1.16
117,0.313,1.16
118,0.313,1.16
119,0.313,1.16
120,0.313,1.16
121,0.313,1.16
122,0.313,1.16
123,0.313,1.16
124,0.313,1.16
125,0.313,1.16
126,0.313,1.16
127,0.313,1.16
128,0.313,1.16
129,0.313,1.16
130,0.313,1.16
131,0.313,1.16
132,0.313,1.16
133,0.313,1.16
134,0.313,1.16
135,0.313,1.16
136,0.313,1.16
137,0.313,1.16
138,0.313,1.16
139,0.313,1.16
140,0.313,1.16
141,0.313,1.16
142,0.313,1.16
143,0.313,1.16
144,0.313,1.16
145,0.313,1.16
146,0.313,1.16
147,0.313,1.16
148,0.313,1.16
149,0.313,1.16
150,0.313,1.16
151,0.313,1.16
152,0.313,1.16
153,0.313,1.16
154,0.313,1.16
155,0.313,1.16
156,0.313,1.16
157,0.313,1.16
158,0.313,1.16
159,0.313,1.16
160,0.313,1.16
161,0.313,1.16
162,0.313,1.16
163,0.313,1.16
164,0.313,1.16
165,0.313,1.16
166,0.313,1.16
167,0.313,1.16
168,0.313,1.16
169,0.313,1.16
170,0.313,1.16
171,0.313,1.16
172,0.313,1.16
173,0.313,1.16
174,0.313,1.16
175,0.313,1.16
176,0.313,1.16
177,0.313,1.16
178,0.313,1.16
179,0.313,1.16
180,0.313,1.16
181,0.313,1.16
182,0.313,1.16
183,0.313,1.16
184,0.313,1.16
185,0.313,1.16
186,0.356,1.16
187,0.356,1.16
188,0.313,1.16
189,0.313,1.16
190,0.313,1.16
191,0.356,1.16
192,0.313,1.16
193,0.313,1.16
194,0.313,1.16
195,0.313,1.16
196,0.356,1.16
197,0.313,1.16
198,0.313,1.16
199,0.313,1.16
200,0.313,1.16
201,0.313,1.16
202,0.313,1.16
203,0.356,1.16
204,0.356,1.16
205,0.356,1.16
206,0.356,1.16
207,0.356,1.16
208,0.356,1.16
209,0.356,1.16
210,0.356,1.16
211,0.356,1.16
212,0.356,1.16
213,0.356,1.16
214,0.356,1.16
215,0.356,1.16
216,0.356,1.16
217,0.356,1.16
218,0.356,1.16
219,0.356,1.16
220,0.356,1.16
221,0.356,1.16
222,0.356,1.16
223,0.356,1.16
224,0.356,1.16
225,0.356,1.16
226,0.356,1.16
227,0.356,1.16
228,0.356,1.16
229,0.356,1.16
230,0.356,1.16
231,0.356,1.16
232,0.356,1.16
233,0.356,1.16
234,0.356,1.16
235,0.356,1.16
236,0.356,1.16
237,0.356,1.16
238,0.356,1.16
239,0.356,1.16
240,0.356,1.16
241,0.356,1.16
242,0.356,1.16
243,0.356,1.16
244,0.356,1.16
245,0.356,1.16
246,0.356,1.16
247,0.356,1.16
248,0.356,1.16
249,0.356,1.16
250,0.356,1.16
251,0.356,1.16
252,0.356,1.16
253,0.356,1.16
254,0.356,1.16
255,0.356,1.16
256,0.356,1.16
257,0.356,1.16
258,0.356,1.16
259,0.356,1.16
260,0.356,1.16
261,0.356,1.16
262,0.356,1.16
263,0.356,1.16
264,0.356,1.16
265,0.356,1.16
266,0.356,1.16
267,0.356,1.16
268,0.356,1.16
269,0.356,1.16
270,0.356,1.16
271,0.356,1.16
272,0.356,1.16
273,0.356,1.16
274,0.356,1.16
275,0.356,1.16
276,0.356,1.16
277,0.356,1.16
278,0.356,1.16
279,0.356,1.16
280,0.356,1.16
281,0.356,1.16
282,0.356,1.16
283,0.356,1.16
284,0.356,1.16
285,0.356,1.16
286,0.356,1.16
287,0.356,1.16
288,0.356,1.16
289,0.356,1.16
290,0.356,1.16
291,0.356,1.16
292,0.356,1.16
293,0.356,1.16
294,0.356,1.16
295,0.356,1.16
296,0.356,1.16
297,0.402,1.16
298,0.356,1.16
299,0.356,1.16
300,0.356,1.16
301,0.356,1.16
302,0.356,1.16
303,0.356,1.16
304,0.356,1.16
305,0.402,1.16
306,0.356,1.16
307,0.356,1.16
308,0.356,1.16
309,0.356,1.16
310,0.356,1.16
311,0.356,1.16
312,0.402,1.16
313,0.356,1.16
314,0.356,1.16
315,0.356,1.16
316,0.356,1.16
317,0.356,1.16
318,0.356,1.16
319,0.356,1.16
320,0.402,1.16
321,0.402,1.16
322,0.402,1.16
323,0.402,1.16
324,0.402,1.16
325,0.402,1.16
326,0.402,1.16
327,0.402,1.16
328,0.402,1.16
329,0.402,1.16
330,0.402,1.16
331,0.402,1.16
332,0.402,1.16
333,0.402,1.16
334,0.402,1.16
335,0.402,1.16
336,0.402,1.16
337,0.402,1.16
338,0.402,1.16
339,0.402,1.16
340,0.402,1.16
341,0.402,1.16
342,0.402,1.16
343,0.402,1.16
344,0.402,1.16
345,0.402,1.16
346,0.402,1.16
347,0.402,1.16
348,0.402,1.16
349,0.402,1.16
350,0.402,1.16
351,0.402,1.16
352,0.402,1.16
353,0.402,1.16
354,0.402,1.16
355,0.402,1.16
356,0.402,1.16
357,0.402,1.16
358,0.402,1.16
359,0.402,1.16
360,0.402,1.16
361,0.402,1.16
362,0.402,1.16
363,0.402,1.16
364,0.402,1.16
365,0.402,1.16
366,0.402,1.16
367,0.402,1.16
368,0.402,1.16
369,0.402,1.16
370,0.402,1.16
371,0.402,1.16
372,0.402,1.16
373,0.402,1.16
374,0.402,1.16
375,0.402,1.16
376,0.402,1.16
377,0.402,1.16
378,0.402,1.16
379,0.402,1.16
380,0.402,1.16
381,0.402,1.16
382,0.402,1.16
383,0.402,1.16
384,0.402,1.16
385,0.402,1.16
386,0.402,1.16
387,0.402,1.16
388,0.402,1.16
389,0.402,1.16
390,0.402,1.16
391,0.402,1.16
392,0.402,1.16
393,0.402,1.16
394,0.402,1.16
395,0.402,1.16
396,0.445,1.16
397,0.402,1.16
398,0.402,1.16
399,0.402,1.16
400,0.402,1.16
401,0.402,1.16
402,0.402,1.16
403,0.402,1.16
404,0.445,1.16
405,0.402,1.16
406,0.402,1.16
407,0.402,1.16
408,0.402,1.16
409,0.402,1.16
410,0.402,1.16
411,0.445,1.16
412,0.402,1.16
413,0.402,1.16
414,0.402,1.16
415,0.402,1.16
416,0.402,1.16
417,0.402,1.16
418,0.402,1.16
419,0.445,1.16
420,0.402,1.16
421,0.402,1.16
422,0.402,1.16
423,0.402,1.16
424,0.402,1.16
425,0.402,1.16
426,0.402,1.16
427,0.445,1.16
428,0.445,1.16
429,0.402,1.16
430,0.402,1.16
431,0.445,1.16
432,0.445,1.16
433,0.402,1.16
434,0.445,1.16
435,0.445,1.16
436,0.445,1.16
437,0.445,1.16
438,0.445,1.16
439,0.445,1.16
440,0.445,1.16
441,0.445,1.16
442,0.445,1.16
443,0.445,1.16
444,0.445,1.16
445,0.445,1.16
446,0.445,1.16
447,0.445,1.16
448,0.445,1.16
449,0.445,1.16
450,0.445,1.16
451,0.445,1.16
452,0.445,1.16
453,0.445,1.16
454,0.445,1.16
455,0.445,1.16
456,0.445,1.16
457,0.445,1.16
458,0.445,1.16
459,0.445,1.16
460,0.445,1.16
461,0.445,1.16
462,0.445,1.16
463,0.445,1.16
464,0.445,1.16
465,0.445,1.16
466,0.445,1.16
467,0.445,1.16
468,0.445,1.16
469,0.445,1.16
470,0.445,1.16
471,0.445,1.16
472,0.445,1.16
473,0.445,1.16
474,0.445,1.16
475,0.445,1.16
476,0.445,1.16
477,0.445,1.16
478,0.445,1.16
479,0.445,1.16
480,0.445,1.16
481,0.445,1.16
482,0.445,1.16
483,0.445,1.16
484,0.445,1.16
485,0.445,1.16
486,0.445,1.16
487,0.445,1.16
488,0.445,1.16
489,0.445,1.16
490,0.445,1.16
491,0.445,1.16
492,0.445,1.16
493,0.445,1.16
494,0.445,1.16
495,0.445,1.16
496,0.445,1.16
497,0.445,1.16
498,0.445,1.16
499,0.445,1.16
500,0.445,1.16
501,0.445,1.16
502,0.445,1.16
503,0.445,1.16
504,0.445,1.16
505,0.445,1.16
506,0.445,1.16
507,0.445,1.16
508,0.445,1.16
509,0.445,1.16
510,0.445,1.16
511,0.445,1.16
512,0.445,1.16
513,0.445,1.16
514,0.492,1.16
515,0.445,1.16
516,0.445,1.16
517,0.445,1.16
518,0.445,1.16
519,0.445,1.16
520,0.445,1.16
521,0.445,1.16
522,0.492,1.16
523,0.445,1.16
524,0.445,1.16
525,0.445,1.16
526,0.445,1.16
527,0.445,1.16
528,0.445,1.16
529,0.445,1.16
530,0.492,1.16
531,0.445,1.16
532,0.445,1.16
533,0.445,1.16
534,0.445,1.16
535,0.445,1.16
536,0.445,1.16
537,0.445,1.16
538,0.492,1.16
539,0.445,1.16
540,0.445,1.16
541,0.445,1.16
542,0.445,1.16
543,0.445,1.16
544,0.445,1.16
545,0.445,1.16
546,0.492,1.16
547,0.445,1.16
548,0.445,1.16
549,0.445,1.16
550,0.445,1.16
551,0.445,1.16
552,0.445,1.16
553,0.445,1.16
554,0.492,1.16
555,0.445,1.16
556,0.445,1.16
557,0.445,1.16
558,0.445,1.16
559,0.445,1.16
560,0.445,1.16
561,0.445,1.16
562,0.492,1.16
563,0.492,1.16
564,0.492,1.16
565,0.492,1.16
566,0.492,1.16
567,0.445,1.16
568,0.445,1.16
569,0.492,1.16
570,0.492,1.16
571,0.492,1.16
572,0.492,1.16
573,0.492,1.16
574,0.492,1.16
575,0.492,1.16
576,0.492,1.16
577,0.492,1.16
578,0.492,1.16
579,0.492,1.16
580,0.492,1.16
581,0.492,1.16
582,0.492,1.16
583,0.492,1.16
584,0.492,1.16
585,0.492,1.16
586,0.492,1.16
587,0.492,1.16
588,0.492,1.16
589,0.492,1.16
590,0.492,1.16
591,0.492,1.16
592,0.492,1.16
593,0.492,1.16
594,0.492,1.16
595,0.492,1.16
596,0.492,1.16
597,0.492,1.16
598,0.492,1.16
599,0.492,1.16
600,0.492,1.16
601,0.492,1.16
602,0.492,1.16
603,0.492,1.16
604,0.492,1.16
605,0.492,1.16
606,0.492,1.16
607,0.492,1.16
608,0.492,1.16
609,0.492,1.16
610,0.492,1.16
611,0.492,1.16
612,0.492,1.16
613,0.492,1.16
614,0.535,1.16
615,0.492,1.16
616,0.492,1.16
617,0.492,1.16
618,0.492,1.16
619,0.492,1.16
620,0.492,1.16
621,0.492,1.16
622,0.535,1.16
623,0.492,1.16
624,0.492,1.16
625,0.492,1.16
626,0.492,1.16
627,0.492,1.16
628,0.492,1.16
629,0.492,1.16
630,0.535,1.16
631,0.492,1.16
632,0.492,1.16
633,0.492,1.16
634,0.492,1.16
635,0.492,1.16
636,0.492,1.16
637,0.492,1.16
638,0.492,1.16
639,0.492,1.16
640,0.535,1.16
641,0.492,1.16
642,0.492,1.16
643,0.492,1.16
644,0.492,1.16
645,0.492,1.16
646,0.492,1.16
647,0.492,1.16
648,0.535,1.16
649,0.492,1.16
650,0.492,1.16
651,0.492,1.16
652,0.492,1.16
653,0.492,1.16
654,0.492,1.16
655,0.492,1.16
656,0.535,1.16
657,0.492,1.16
658,0.578,1.16
659,0.492,1.16
660,0.492,1.16
661,0.492,1.16
662,0.492,1.16
663,0.492,1.16
664,0.535,1.16
665,0.492,1.16
666,0.492,1.16
667,0.492,1.16
668,0.492,1.16
669,0.492,1.16
670,0.492,1.16
671,0.492,1.16
672,0.535,1.16
673,0.492,1.16
674,0.492,1.16
675,0.492,1.16
676,0.492,1.16
677,0.492,1.16
678,0.492,1.16
679,0.492,1.16
680,0.535,1.16
681,0.492,1.16
682,0.492,1.16
683,0.492,1.16
684,0.492,1.16
685,0.492,1.16
686,0.492,1.16
687,0.535,1.16
688,0.492,1.16
689,0.492,1.16
690,0.492,1.16
691,0.492,1.16
692,0.535,1.16
693,0.578,1.16
694,0.492,1.16
695,0.492,1.16
696,0.492,1.16
697,0.492,1.16
698,0.492,1.16
699,0.492,1.16
700,0.492,1.16
701,0.492,1.16
702,0.535,1.16
703,0.492,1.16
704,0.492,1.16
705,0.535,1.16
706,0.492,1.16
707,0.492,1.16
708,0.535,1.16
709,0.492,1.16
710,0.492,1.16
711,0.492,1.16
712,0.535,1.16
713,0.535,1.16
714,0.535,1.16
715,0.492,1.16
716,0.535,1.16
717,0.535,1.16
718,0.535,1.16
719,0.535,1.16
720,0.535,1.16
721,0.535,1.16
722,0.535,1.16
723,0.535,1.16
724,0.535,1.16
725,0.535,1.16
1,0,1.18
2,0,1.18
3,0,1.18
4,0.047,1.18
5,0.047,1.18
6,0.047,1.18
7,0.047,1.18
8,0.047,1.18
9,0.047,1.18
10,0.047,1.18
11,0.047,1.18
12,0.094,1.18
13,0.094,1.18
14,0.094,1.18
15,0.094,1.18
16,0.094,1.18
17,0.137,1.18
18,0.137,1.18
19,0.137,1.18
20,0.137,1.18
21,0.137,1.18
22,0.137,1.18
23,0.137,1.18
24,0.137,1.18
25,0.137,1.18
26,0.137,1.18
27,0.137,1.18
28,0.137,1.18
29,0.137,1.18
30,0.184,1.18
31,0.184,1.18
32,0.184,1.18
33,0.184,1.18
34,0.184,1.18
35,0.184,1.18
36,0.184,1.18
37,0.184,1.18
38,0.184,1.18
39,0.184,1.18
40,0.184,1.18
41,0.184,1.18
42,0.184,1.18
43,0.184,1.18
44,0.184,1.18
45,0.184,1.18
46,0.184,1.18
47,0.184,1.18
48,0.231,1.18
49,0.184,1.18
50,0.184,1.18
51,0.231,1.18
52,0.231,1.18
53,0.231,1.18
54,0.231,1.18
55,0.231,1.18
56,0.231,1.18
57,0.231,1.18
58,0.231,1.18
59,0.231,1.18
60,0.231,1.18
61,0.231,1.18
62,0.231,1.18
63,0.231,1.18
64,0.231,1.18
65,0.231,1.18
66,0.231,1.18
67,0.231,1.18
68,0.231,1.18
69,0.231,1.18
70,0.231,1.18
71,0.231,1.18
72,0.231,1.18
73,0.231,1.18
74,0.231,1.18
75,0.274,1.18
76,0.274,1.18
77,0.274,1.18
78,0.274,1.18
79,0.274,1.18
80,0.274,1.18
81,0.274,1.18
82,0.274,1.18
83,0.274,1.18
84,0.274,1.18
85,0.274,1.18
86,0.274,1.18
87,0.274,1.18
88,0.274,1.18
89,0.274,1.18
90,0.274,1.18
91,0.274,1.18
92,0.274,1.18
93,0.274,1.18
94,0.274,1.18
95,0.274,1.18
96,0.274,1.18
97,0.274,1.18
98,0.274,1.18
99,0.274,1.18
100,0.274,1.18
101,0.274,1.18
102,0.274,1.18
103,0.274,1.18
104,0.274,1.18
105,0.274,1.18
106,0.274,1.18
107,0.274,1.18
108,0.274,1.18
109,0.274,1.18
110,0.274,1.18
111,0.274,1.18
112,0.274,1.18
113,0.274,1.18
114,0.321,1.18
115,0.274,1.18
116,0.321,1.18
117,0.274,1.18
118,0.274,1.18
119,0.274,1.18
120,0.321,1.18
121,0.274,1.18
122,0.274,1.18
123,0.321,1.18
124,0.274,1.18
125,0.321,1.18
126,0.321,1.18
127,0.321,1.18
128,0.321,1.18
129,0.321,1.18
130,0.321,1.18
131,0.321,1.18
132,0.321,1.18
133,0.321,1.18
134,0.321,1.18
135,0.321,1.18
136,0.321,1.18
137,0.321,1.18
138,0.321,1.18
139,0.321,1.18
140,0.321,1.18
141,0.321,1.18
142,0.321,1.18
143,0.321,1.18
144,0.321,1.18
145,0.321,1.18
146,0.321,1.18
147,0.321,1.18
148,0.321,1.18
149,0.321,1.18
150,0.321,1.18
151,0.321,1.18
152,0.321,1.18
153,0.321,1.18
154,0.321,1.18
155,0.321,1.18
156,0.321,1.18
157,0.321,1.18
158,0.321,1.18
159,0.321,1.18
160,0.321,1.18
161,0.321,1.18
162,0.321,1.18
163,0.321,1.18
164,0.321,1.18
165,0.321,1.18
166,0.321,1.18
167,0.321,1.18
168,0.321,1.18
169,0.321,1.18
170,0.321,1.18
171,0.321,1.18
172,0.321,1.18
173,0.321,1.18
174,0.321,1.18
175,0.321,1.18
176,0.321,1.18
177,0.321,1.18
178,0.321,1.18
179,0.321,1.18
180,0.321,1.18
181,0.321,1.18
182,0.321,1.18
183,0.321,1.18
184,0.321,1.18
185,0.321,1.18
186,0.321,1.18
187,0.321,1.18
188,0.321,1.18
189,0.321,1.18
190,0.321,1.18
191,0.321,1.18
192,0.321,1.18
193,0.321,1.18
194,0.321,1.18
195,0.321,1.18
196,0.321,1.18
197,0.321,1.18
198,0.321,1.18
199,0.321,1.18
200,0.321,1.18
201,0.321,1.18
202,0.321,1.18
203,0.321,1.18
204,0.321,1.18
205,0.321,1.18
206,0.321,1.18
207,0.321,1.18
208,0.321,1.18
209,0.321,1.18
210,0.368,1.18
211,0.321,1.18
212,0.321,1.18
213,0.321,1.18
214,0.321,1.18
215,0.368,1.18
216,0.368,1.18
217,0.321,1.18
218,0.321,1.18
219,0.321,1.18
220,0.321,1.18
221,0.321,1.18
222,0.368,1.18
223,0.321,1.18
224,0.321,1.18
225,0.368,1.18
226,0.368,1.18
227,0.368,1.18
228,0.368,1.18
229,0.368,1.18
230,0.368,1.18
231,0.368,1.18
232,0.368,1.18
233,0.368,1.18
234,0.368,1.18
235,0.368,1.18
236,0.368,1.18
237,0.368,1.18
238,0.368,1.18
239,0.368,1.18
240,0.368,1.18
241,0.368,1.18
242,0.368,1.18
243,0.368,1.18
244,0.368,1.18
245,0.368,1.18
246,0.368,1.18
247,0.368,1.18
248,0.368,1.18
249,0.368,1.18
250,0.368,1.18
251,0.368,1.18
252,0.368,1.18
253,0.368,1.18
254,0.368,1.18
255,0.368,1.18
256,0.368,1.18
257,0.368,1.18
258,0.368,1.18
259,0.368,1.18
260,0.368,1.18
261,0.368,1.18
262,0.368,1.18
263,0.368,1.18
264,0.368,1.18
265,0.368,1.18
266,0.368,1.18
267,0.368,1.18
268,0.368,1.18
269,0.368,1.18
270,0.368,1.18
271,0.368,1.18
272,0.368,1.18
273,0.368,1.18
274,0.368,1.18
275,0.368,1.18
276,0.368,1.18
277,0.368,1.18
278,0.368,1.18
279,0.368,1.18
280,0.368,1.18
281,0.368,1.18
282,0.368,1.18
283,0.368,1.18
284,0.368,1.18
285,0.368,1.18
286,0.368,1.18
287,0.368,1.18
288,0.368,1.18
289,0.368,1.18
290,0.368,1.18
291,0.368,1.18
292,0.368,1.18
293,0.368,1.18
294,0.368,1.18
295,0.368,1.18
296,0.368,1.18
297,0.368,1.18
298,0.368,1.18
299,0.368,1.18
300,0.368,1.18
301,0.368,1.18
302,0.368,1.18
303,0.368,1.18
304,0.368,1.18
305,0.411,1.18
306,0.368,1.18
307,0.368,1.18
308,0.368,1.18
309,0.368,1.18
310,0.368,1.18
311,0.368,1.18
312,0.411,1.18
313,0.368,1.18
314,0.368,1.18
315,0.368,1.18
316,0.368,1.18
317,0.411,1.18
318,0.411,1.18
319,0.411,1.18
320,0.368,1.18
321,0.411,1.18
322,0.411,1.18
323,0.411,1.18
324,0.411,1.18
325,0.411,1.18
326,0.411,1.18
327,0.411,1.18
328,0.411,1.18
329,0.411,1.18
330,0.411,1.18
331,0.411,1.18
332,0.411,1.18
333,0.411,1.18
334,0.411,1.18
335,0.411,1.18
336,0.411,1.18
337,0.411,1.18
338,0.411,1.18
339,0.411,1.18
340,0.411,1.18
341,0.411,1.18
342,0.411,1.18
343,0.411,1.18
344,0.411,1.18
345,0.411,1.18
346,0.411,1.18
347,0.411,1.18
348,0.411,1.18
349,0.411,1.18
350,0.411,1.18
351,0.411,1.18
352,0.411,1.18
353,0.411,1.18
354,0.411,1.18
355,0.411,1.18
356,0.411,1.18
357,0.411,1.18
358,0.411,1.18
359,0.411,1.18
360,0.411,1.18
361,0.411,1.18
362,0.411,1.18
363,0.411,1.18
364,0.411,1.18
365,0.411,1.18
366,0.411,1.18
367,0.411,1.18
368,0.411,1.18
369,0.411,1.18
370,0.411,1.18
371,0.411,1.18
372,0.411,1.18
373,0.411,1.18
374,0.411,1.18
375,0.411,1.18
376,0.411,1.18
377,0.411,1.18
378,0.411,1.18
379,0.458,1.18
380,0.411,1.18
381,0.411,1.18
382,0.411,1.18
383,0.411,1.18
384,0.411,1.18
385,0.411,1.18
386,0.458,1.18
387,0.411,1.18
388,0.411,1.18
389,0.411,1.18
390,0.411,1.18
391,0.411,1.18
392,0.411,1.18
393,0.411,1.18
394,0.411,1.18
395,0.411,1.18
396,0.411,1.18
397,0.411,1.18
398,0.411,1.18
399,0.411,1.18
400,0.411,1.18
401,0.411,1.18
402,0.411,1.18
403,0.458,1.18
404,0.411,1.18
405,0.411,1.18
406,0.411,1.18
407,0.411,1.18
408,0.411,1.18
409,0.458,1.18
410,0.411,1.18
411,0.411,1.18
412,0.411,1.18
413,0.411,1.18
414,0.458,1.18
415,0.458,1.18
416,0.458,1.18
417,0.458,1.18
418,0.411,1.18
419,0.458,1.18
420,0.458,1.18
421,0.458,1.18
422,0.458,1.18
423,0.458,1.18
424,0.458,1.18
425,0.458,1.18
426,0.458,1.18
427,0.458,1.18
428,0.458,1.18
429,0.458,1.18
430,0.458,1.18
431,0.458,1.18
432,0.458,1.18
433,0.458,1.18
434,0.458,1.18
435,0.458,1.18
436,0.458,1.18
437,0.458,1.18
438,0.458,1.18
439,0.458,1.18
440,0.458,1.18
441,0.458,1.18
442,0.458,1.18
443,0.458,1.18
444,0.458,1.18
445,0.458,1.18
446,0.458,1.18
447,0.458,1.18
448,0.458,1.18
449,0.458,1.18
450,0.458,1.18
451,0.458,1.18
452,0.458,1.18
453,0.458,1.18
454,0.458,1.18
455,0.458,1.18
456,0.458,1.18
457,0.458,1.18
458,0.458,1.18
459,0.458,1.18
460,0.458,1.18
461,0.504,1.18
462,0.458,1.18
463,0.458,1.18
464,0.458,1.18
465,0.458,1.18
466,0.458,1.18
467,0.504,1.18
468,0.458,1.18
469,0.458,1.18
470,0.458,1.18
471,0.458,1.18
472,0.504,1.18
473,0.458,1.18
474,0.458,1.18
475,0.458,1.18
476,0.458,1.18
477,0.458,1.18
478,0.504,1.18
479,0.458,1.18
480,0.458,1.18
481,0.458,1.18
482,0.458,1.18
483,0.458,1.18
484,0.504,1.18
485,0.458,1.18
486,0.458,1.18
487,0.458,1.18
488,0.458,1.18
489,0.458,1.18
490,0.458,1.18
491,0.504,1.18
492,0.458,1.18
493,0.458,1.18
494,0.458,1.18
495,0.458,1.18
496,0.458,1.18
497,0.458,1.18
498,0.504,1.18
499,0.458,1.18
500,0.458,1.18
501,0.458,1.18
502,0.458,1.18
503,0.504,1.18
504,0.458,1.18
505,0.458,1.18
506,0.458,1.18
507,0.458,1.18
508,0.458,1.18
509,0.458,1.18
510,0.504,1.18
511,0.458,1.18
512,0.504,1.18
513,0.504,1.18
514,0.504,1.18
515,0.458,1.18
516,0.458,1.18
517,0.504,1.18
518,0.504,1.18
519,0.504,1.18
520,0.504,1.18
521,0.504,1.18
522,0.504,1.18
523,0.504,1.18
524,0.504,1.18
525,0.504,1.18
526,0.504,1.18
527,0.504,1.18
528,0.504,1.18
529,0.504,1.18
530,0.504,1.18
531,0.504,1.18
532,0.504,1.18
533,0.504,1.18
534,0.504,1.18
535,0.504,1.18
536,0.504,1.18
537,0.504,1.18
538,0.504,1.18
539,0.504,1.18
540,0.504,1.18
541,0.504,1.18
542,0.504,1.18
543,0.504,1.18
544,0.504,1.18
545,0.504,1.18
546,0.504,1.18
547,0.504,1.18
548,0.504,1.18
549,0.504,1.18
550,0.504,1.18
551,0.504,1.18
552,0.504,1.18
553,0.504,1.18
554,0.504,1.18
555,0.504,1.18
556,0.504,1.18
557,0.504,1.18
558,0.504,1.18
559,0.504,1.18
560,0.504,1.18
561,0.504,1.18
562,0.504,1.18
563,0.504,1.18
564,0.504,1.18
565,0.504,1.18
566,0.504,1.18
567,0.504,1.18
568,0.504,1.18
569,0.504,1.18
570,0.504,1.18
571,0.504,1.18
572,0.504,1.18
573,0.504,1.18
574,0.547,1.18
575,0.504,1.18
576,0.504,1.18
577,0.504,1.18
578,0.504,1.18
579,0.504,1.18
580,0.547,1.18
581,0.504,1.18
582,0.504,1.18
583,0.504,1.18
584,0.504,1.18
585,0.504,1.18
586,0.547,1.18
587,0.504,1.18
588,0.504,1.18
589,0.504,1.18
590,0.504,1.18
591,0.504,1.18
592,0.504,1.18
593,0.547,1.18
594,0.504,1.18
595,0.504,1.18
596,0.504,1.18
597,0.504,1.18
598,0.504,1.18
599,0.504,1.18
600,0.547,1.18
601,0.504,1.18
602,0.504,1.18
603,0.504,1.18
604,0.504,1.18
605,0.504,1.18
606,0.504,1.18
607,0.547,1.18
608,0.504,1.18
609,0.504,1.18
610,0.504,1.18
611,0.504,1.18
612,0.504,1.18
613,0.504,1.18
614,0.504,1.18
615,0.504,1.18
616,0.504,1.18
617,0.504,1.18
618,0.504,1.18
619,0.504,1.18
620,0.547,1.18
621,0.504,1.18
622,0.504,1.18
623,0.504,1.18
624,0.504,1.18
625,0.504,1.18
626,0.504,1.18
627,0.547,1.18
628,0.504,1.18
629,0.504,1.18
630,0.504,1.18
631,0.504,1.18
632,0.504,1.18
633,0.547,1.18
634,0.504,1.18
635,0.504,1.18
636,0.504,1.18
637,0.504,1.18
638,0.504,1.18
639,0.504,1.18
640,0.547,1.18
641,0.504,1.18
642,0.504,1.18
643,0.504,1.18
644,0.504,1.18
645,0.504,1.18
646,0.504,1.18
647,0.504,1.18
648,0.504,1.18
649,0.504,1.18
650,0.504,1.18
651,0.504,1.18
652,0.504,1.18
653,0.504,1.18
654,0.504,1.18
655,0.504,1.18
656,0.504,1.18
657,0.504,1.18
658,0.504,1.18
659,0.504,1.18
660,0.504,1.18
661,0.504,1.18
662,0.504,1.18
663,0.547,1.18
664,0.547,1.18
665,0.547,1.18
666,0.547,1.18
667,0.547,1.18
668,0.547,1.18
669,0.547,1.18
670,0.547,1.18
671,0.547,1.18
672,0.547,1.18
673,0.547,1.18
674,0.547,1.18
675,0.547,1.18
676,0.547,1.18
677,0.547,1.18
678,0.547,1.18
679,0.547,1.18
680,0.547,1.18
681,0.547,1.18
682,0.547,1.18
683,0.547,1.18
684,0.547,1.18
685,0.641,1.18
686,0.594,1.18
687,0.547,1.18
688,0.547,1.18
689,0.547,1.18
690,0.547,1.18
691,0.547,1.18
692,0.547,1.18
693,0.547,1.18
694,0.547,1.18
695,0.547,1.18
696,0.547,1.18
697,0.547,1.18
698,0.547,1.18
699,0.547,1.18
700,0.547,1.18
701,0.547,1.18
702,0.547,1.18
703,0.547,1.18
704,0.547,1.18
705,0.547,1.18
706,0.547,1.18
707,0.594,1.18
708,0.547,1.18
709,0.547,1.18
710,0.547,1.18
711,0.547,1.18
712,0.594,1.18
713,0.547,1.18
714,0.547,1.18
715,0.547,1.18
716,0.547,1.18
717,0.547,1.18
718,0.547,1.18
719,0.594,1.18
720,0.547,1.18
721,0.547,1.18
722,0.547,1.18
723,0.547,1.18
724,0.547,1.18
725,0.547,1.18
1,0,1.19
2,0,1.19
3,0,1.19
4,0,1.19
5,0,1.19
6,0.047,1.19
7,0.047,1.19
8,0.047,1.19
9,0.047,1.19
10,0.047,1.19
11,0.047,1.19
12,0.047,1.19
13,0.047,1.19
14,0.047,1.19
15,0.047,1.19
16,0.047,1.19
17,0.047,1.19
18,0.047,1.19
19,0.09,1.19
20,0.09,1.19
21,0.09,1.19
22,0.09,1.19
23,0.09,1.19
24,0.09,1.19
25,0.09,1.19
26,0.09,1.19
27,0.09,1.19
28,0.09,1.19
29,0.137,1.19
30,0.137,1.19
31,0.137,1.19
32,0.137,1.19
33,0.137,1.19
34,0.137,1.19
35,0.137,1.19
36,0.137,1.19
37,0.137,1.19
38,0.137,1.19
39,0.137,1.19
40,0.137,1.19
41,0.137,1.19
42,0.137,1.19
43,0.137,1.19
44,0.137,1.19
45,0.137,1.19
46,0.137,1.19
47,0.137,1.19
48,0.137,1.19
49,0.137,1.19
50,0.137,1.19
51,0.18,1.19
52,0.18,1.19
53,0.18,1.19
54,0.18,1.19
55,0.18,1.19
56,0.18,1.19
57,0.18,1.19
58,0.18,1.19
59,0.18,1.19
60,0.18,1.19
61,0.18,1.19
62,0.18,1.19
63,0.18,1.19
64,0.18,1.19
65,0.18,1.19
66,0.18,1.19
67,0.18,1.19
68,0.18,1.19
69,0.18,1.19
70,0.18,1.19
71,0.18,1.19
72,0.18,1.19
73,0.18,1.19
74,0.18,1.19
75,0.18,1.19
76,0.18,1.19
77,0.18,1.19
78,0.18,1.19
79,0.223,1.19
80,0.223,1.19
81,0.223,1.19
82,0.223,1.19
83,0.223,1.19
84,0.223,1.19
85,0.223,1.19
86,0.223,1.19
87,0.223,1.19
88,0.223,1.19
89,0.223,1.19
90,0.223,1.19
91,0.223,1.19
92,0.223,1.19
93,0.223,1.19
94,0.223,1.19
95,0.223,1.19
96,0.223,1.19
97,0.223,1.19
98,0.223,1.19
99,0.223,1.19
100,0.223,1.19
101,0.223,1.19
102,0.223,1.19
103,0.223,1.19
104,0.223,1.19
105,0.223,1.19
106,0.223,1.19
107,0.223,1.19
108,0.223,1.19
109,0.223,1.19
110,0.223,1.19
111,0.223,1.19
112,0.223,1.19
113,0.223,1.19
114,0.223,1.19
115,0.27,1.19
116,0.223,1.19
117,0.223,1.19
118,0.223,1.19
119,0.223,1.19
120,0.223,1.19
121,0.223,1.19
122,0.27,1.19
123,0.27,1.19
124,0.27,1.19
125,0.27,1.19
126,0.27,1.19
127,0.27,1.19
128,0.27,1.19
129,0.27,1.19
130,0.27,1.19
131,0.27,1.19
132,0.27,1.19
133,0.27,1.19
134,0.27,1.19
135,0.27,1.19
136,0.27,1.19
137,0.27,1.19
138,0.27,1.19
139,0.27,1.19
140,0.27,1.19
141,0.27,1.19
142,0.27,1.19
143,0.27,1.19
144,0.27,1.19
145,0.27,1.19
146,0.27,1.19
147,0.27,1.19
148,0.27,1.19
149,0.27,1.19
150,0.27,1.19
151,0.27,1.19
152,0.27,1.19
153,0.27,1.19
154,0.27,1.19
155,0.27,1.19
156,0.27,1.19
157,0.27,1.19
158,0.27,1.19
159,0.27,1.19
160,0.27,1.19
161,0.27,1.19
162,0.27,1.19
163,0.27,1.19
164,0.27,1.19
165,0.27,1.19
166,0.27,1.19
167,0.27,1.19
168,0.313,1.19
169,0.27,1.19
170,0.27,1.19
171,0.27,1.19
172,0.27,1.19
173,0.27,1.19
174,0.27,1.19
175,0.27,1.19
176,0.27,1.19
177,0.27,1.19
178,0.27,1.19
179,0.27,1.19
180,0.27,1.19
181,0.27,1.19
182,0.27,1.19
183,0.27,1.19
184,0.27,1.19
185,0.27,1.19
186,0.27,1.19
187,0.27,1.19
188,0.27,1.19
189,0.313,1.19
190,0.27,1.19
191,0.27,1.19
192,0.27,1.19
193,0.27,1.19
194,0.313,1.19
195,0.27,1.19
196,0.27,1.19
197,0.313,1.19
198,0.27,1.19
199,0.313,1.19
200,0.313,1.19
201,0.313,1.19
202,0.313,1.19
203,0.313,1.19
204,0.313,1.19
205,0.313,1.19
206,0.313,1.19
207,0.313,1.19
208,0.313,1.19
209,0.313,1.19
210,0.313,1.19
211,0.313,1.19
212,0.313,1.19
213,0.313,1.19
214,0.313,1.19
215,0.313,1.19
216,0.313,1.19
217,0.313,1.19
218,0.313,1.19
219,0.313,1.19
220,0.313,1.19
221,0.313,1.19
222,0.313,1.19
223,0.313,1.19
224,0.313,1.19
225,0.313,1.19
226,0.313,1.19
227,0.313,1.19
228,0.313,1.19
229,0.313,1.19
230,0.313,1.19
231,0.313,1.19
232,0.313,1.19
233,0.313,1.19
234,0.313,1.19
235,0.313,1.19
236,0.313,1.19
237,0.313,1.19
238,0.313,1.19
239,0.313,1.19
240,0.313,1.19
241,0.313,1.19
242,0.313,1.19
243,0.313,1.19
244,0.313,1.19
245,0.313,1.19
246,0.313,1.19
247,0.313,1.19
248,0.313,1.19
249,0.313,1.19
250,0.313,1.19
251,0.313,1.19
252,0.313,1.19
253,0.313,1.19
254,0.313,1.19
255,0.313,1.19
256,0.313,1.19
257,0.313,1.19
258,0.313,1.19
259,0.313,1.19
260,0.313,1.19
261,0.313,1.19
262,0.313,1.19
263,0.313,1.19
264,0.313,1.19
265,0.313,1.19
266,0.313,1.19
267,0.313,1.19
268,0.359,1.19
269,0.313,1.19
270,0.313,1.19
271,0.313,1.19
272,0.359,1.19
273,0.313,1.19
274,0.313,1.19
275,0.313,1.19
276,0.359,1.19
277,0.313,1.19
278,0.313,1.19
279,0.359,1.19
280,0.313,1.19
281,0.313,1.19
282,0.313,1.19
283,0.313,1.19
284,0.359,1.19
285,0.359,1.19
286,0.359,1.19
287,0.359,1.19
288,0.359,1.19
289,0.359,1.19
290,0.359,1.19
291,0.359,1.19
292,0.359,1.19
293,0.359,1.19
294,0.359,1.19
295,0.359,1.19
296,0.359,1.19
297,0.359,1.19
298,0.359,1.19
299,0.359,1.19
300,0.359,1.19
301,0.359,1.19
302,0.359,1.19
303,0.359,1.19
304,0.359,1.19
305,0.359,1.19
306,0.359,1.19
307,0.359,1.19
308,0.359,1.19
309,0.359,1.19
310,0.359,1.19
311,0.359,1.19
312,0.359,1.19
313,0.359,1.19
314,0.359,1.19
315,0.359,1.19
316,0.359,1.19
317,0.359,1.19
318,0.359,1.19
319,0.359,1.19
320,0.359,1.19
321,0.359,1.19
322,0.359,1.19
323,0.359,1.19
324,0.359,1.19
325,0.359,1.19
326,0.359,1.19
327,0.359,1.19
328,0.359,1.19
329,0.359,1.19
330,0.359,1.19
331,0.359,1.19
332,0.359,1.19
333,0.359,1.19
334,0.359,1.19
335,0.359,1.19
336,0.359,1.19
337,0.359,1.19
338,0.359,1.19
339,0.359,1.19
340,0.359,1.19
341,0.359,1.19
342,0.359,1.19
343,0.359,1.19
344,0.359,1.19
345,0.359,1.19
346,0.402,1.19
347,0.359,1.19
348,0.359,1.19
349,0.359,1.19
350,0.359,1.19
351,0.402,1.19
352,0.359,1.19
353,0.359,1.19
354,0.359,1.19
355,0.402,1.19
356,0.359,1.19
357,0.359,1.19
358,0.359,1.19
359,0.359,1.19
360,0.402,1.19
361,0.359,1.19
362,0.359,1.19
363,0.402,1.19
364,0.359,1.19
365,0.359,1.19
366,0.359,1.19
367,0.359,1.19
368,0.359,1.19
369,0.402,1.19
370,0.359,1.19
371,0.402,1.19
372,0.402,1.19
373,0.402,1.19
374,0.402,1.19
375,0.402,1.19
376,0.402,1.19
377,0.402,1.19
378,0.402,1.19
379,0.402,1.19
380,0.402,1.19
381,0.402,1.19
382,0.402,1.19
383,0.402,1.19
384,0.402,1.19
385,0.402,1.19
386,0.402,1.19
387,0.402,1.19
388,0.402,1.19
389,0.402,1.19
390,0.402,1.19
391,0.402,1.19
392,0.402,1.19
393,0.402,1.19
394,0.402,1.19
395,0.402,1.19
396,0.402,1.19
397,0.402,1.19
398,0.402,1.19
399,0.402,1.19
400,0.402,1.19
401,0.402,1.19
402,0.402,1.19
403,0.402,1.19
404,0.402,1.19
405,0.402,1.19
406,0.402,1.19
407,0.402,1.19
408,0.402,1.19
409,0.402,1.19
410,0.402,1.19
411,0.402,1.19
412,0.402,1.19
413,0.402,1.19
414,0.402,1.19
415,0.402,1.19
416,0.402,1.19
417,0.402,1.19
418,0.402,1.19
419,0.402,1.19
420,0.402,1.19
421,0.402,1.19
422,0.402,1.19
423,0.402,1.19
424,0.402,1.19
425,0.402,1.19
426,0.402,1.19
427,0.402,1.19
428,0.449,1.19
429,0.402,1.19
430,0.402,1.19
431,0.449,1.19
432,0.402,1.19
433,0.402,1.19
434,0.402,1.19
435,0.402,1.19
436,0.449,1.19
437,0.402,1.19
438,0.402,1.19
439,0.402,1.19
440,0.449,1.19
441,0.402,1.19
442,0.402,1.19
443,0.402,1.19
444,0.449,1.19
445,0.402,1.19
446,0.449,1.19
447,0.402,1.19
448,0.402,1.19
449,0.402,1.19
450,0.402,1.19
451,0.402,1.19
452,0.402,1.19
453,0.449,1.19
454,0.449,1.19
455,0.402,1.19
456,0.402,1.19
457,0.402,1.19
458,0.449,1.19
459,0.402,1.19
460,0.402,1.19
461,0.402,1.19
462,0.449,1.19
463,0.449,1.19
464,0.449,1.19
465,0.449,1.19
466,0.449,1.19
467,0.449,1.19
468,0.449,1.19
469,0.449,1.19
470,0.449,1.19
471,0.449,1.19
472,0.449,1.19
473,0.449,1.19
474,0.449,1.19
475,0.449,1.19
476,0.449,1.19
477,0.449,1.19
478,0.449,1.19
479,0.449,1.19
480,0.449,1.19
481,0.449,1.19
482,0.449,1.19
483,0.449,1.19
484,0.449,1.19
485,0.449,1.19
486,0.449,1.19
487,0.449,1.19
488,0.449,1.19
489,0.449,1.19
490,0.449,1.19
491,0.449,1.19
492,0.449,1.19
493,0.449,1.19
494,0.449,1.19
495,0.449,1.19
496,0.449,1.19
497,0.449,1.19
498,0.449,1.19
499,0.449,1.19
500,0.449,1.19
501,0.449,1.19
502,0.449,1.19
503,0.449,1.19
504,0.449,1.19
505,0.449,1.19
506,0.449,1.19
507,0.449,1.19
508,0.449,1.19
509,0.449,1.19
510,0.449,1.19
511,0.492,1.19
512,0.449,1.19
513,0.449,1.19
514,0.492,1.19
515,0.449,1.19
516,0.449,1.19
517,0.449,1.19
518,0.449,1.19
519,0.449,1.19
520,0.449,1.19
521,0.492,1.19
522,0.449,1.19
523,0.449,1.19
524,0.449,1.19
525,0.449,1.19
526,0.449,1.19
527,0.449,1.19
528,0.492,1.19
529,0.449,1.19
530,0.449,1.19
531,0.449,1.19
532,0.449,1.19
533,0.449,1.19
534,0.492,1.19
535,0.449,1.19
536,0.449,1.19
537,0.449,1.19
538,0.492,1.19
539,0.449,1.19
540,0.449,1.19
541,0.449,1.19
542,0.492,1.19
543,0.449,1.19
544,0.449,1.19
545,0.492,1.19
546,0.449,1.19
547,0.449,1.19
548,0.449,1.19
549,0.492,1.19
550,0.449,1.19
551,0.449,1.19
552,0.449,1.19
553,0.449,1.19
554,0.492,1.19
555,0.449,1.19
556,0.449,1.19
557,0.492,1.19
558,0.449,1.19
559,0.492,1.19
560,0.449,1.19
561,0.492,1.19
562,0.449,1.19
563,0.492,1.19
564,0.492,1.19
565,0.492,1.19
566,0.449,1.19
567,0.492,1.19
568,0.492,1.19
569,0.492,1.19
570,0.492,1.19
571,0.492,1.19
572,0.492,1.19
573,0.492,1.19
574,0.492,1.19
575,0.492,1.19
576,0.492,1.19
577,0.492,1.19
578,0.492,1.19
579,0.492,1.19
580,0.492,1.19
581,0.492,1.19
582,0.492,1.19
583,0.492,1.19
584,0.492,1.19
585,0.492,1.19
586,0.492,1.19
587,0.492,1.19
588,0.492,1.19
589,0.492,1.19
590,0.492,1.19
591,0.492,1.19
592,0.492,1.19
593,0.492,1.19
594,0.492,1.19
595,0.492,1.19
596,0.492,1.19
597,0.492,1.19
598,0.492,1.19
599,0.492,1.19
600,0.492,1.19
601,0.492,1.19
602,0.492,1.19
603,0.492,1.19
604,0.492,1.19
605,0.492,1.19
606,0.492,1.19
607,0.492,1.19
608,0.492,1.19
609,0.535,1.19
610,0.492,1.19
611,0.492,1.19
612,0.492,1.19
613,0.492,1.19
614,0.492,1.19
615,0.492,1.19
616,0.535,1.19
617,0.492,1.19
618,0.535,1.19
619,0.492,1.19
620,0.492,1.19
621,0.492,1.19
622,0.535,1.19
623,0.492,1.19
624,0.492,1.19
625,0.492,1.19
626,0.492,1.19
627,0.535,1.19
628,0.492,1.19
629,0.492,1.19
630,0.492,1.19
631,0.535,1.19
632,0.492,1.19
633,0.492,1.19
634,0.535,1.19
635,0.492,1.19
636,0.492,1.19
637,0.492,1.19
638,0.535,1.19
639,0.492,1.19
640,0.492,1.19
641,0.535,1.19
642,0.492,1.19
643,0.492,1.19
644,0.535,1.19
645,0.492,1.19
646,0.492,1.19
647,0.492,1.19
648,0.492,1.19
649,0.492,1.19
650,0.535,1.19
651,0.492,1.19
652,0.492,1.19
653,0.492,1.19
654,0.492,1.19
655,0.492,1.19
656,0.492,1.19
657,0.535,1.19
658,0.492,1.19
659,0.492,1.19
660,0.492,1.19
661,0.535,1.19
662,0.492,1.19
663,0.492,1.19
664,0.492,1.19
665,0.535,1.19
666,0.492,1.19
667,0.492,1.19
668,0.492,1.19
669,0.535,1.19
670,0.492,1.19
671,0.492,1.19
672,0.492,1.19
673,0.535,1.19
674,0.492,1.19
675,0.492,1.19
676,0.492,1.19
677,0.535,1.19
678,0.492,1.19
679,0.492,1.19
680,0.535,1.19
681,0.492,1.19
682,0.492,1.19
683,0.492,1.19
684,0.492,1.19
685,0.535,1.19
686,0.492,1.19
687,0.492,1.19
688,0.492,1.19
689,0.492,1.19
690,0.535,1.19
691,0.492,1.19
692,0.492,1.19
693,0.492,1.19
694,0.492,1.19
695,0.492,1.19
696,0.535,1.19
697,0.492,1.19
698,0.535,1.19
699,0.492,1.19
700,0.492,1.19
701,0.492,1.19
702,0.535,1.19
703,0.492,1.19
704,0.492,1.19
705,0.535,1.19
706,0.492,1.19
707,0.535,1.19
708,0.535,1.19
709,0.535,1.19
710,0.492,1.19
711,0.535,1.19
712,0.535,1.19
713,0.535,1.19
714,0.535,1.19
715,0.535,1.19
716,0.535,1.19
717,0.535,1.19
718,0.535,1.19
719,0.535,1.19
720,0.535,1.19
721,0.535,1.19
722,0.535,1.19
723,0.535,1.19
724,0.535,1.19
725,0.535,1.19
1,0,1.2
2,0,1.2
3,0,1.2
4,0,1.2
5,0,1.2
6,0.047,1.2
7,0.047,1.2
8,0.047,1.2
9,0.047,1.2
10,0.047,1.2
11,0.047,1.2
12,0.047,1.2
13,0.047,1.2
14,0.047,1.2
15,0.094,1.2
16,0.094,1.2
17,0.094,1.2
18,0.094,1.2
19,0.094,1.2
20,0.094,1.2
21,0.094,1.2
22,0.094,1.2
23,0.094,1.2
24,0.094,1.2
25,0.094,1.2
26,0.137,1.2
27,0.137,1.2
28,0.137,1.2
29,0.137,1.2
30,0.137,1.2
31,0.137,1.2
32,0.137,1.2
33,0.137,1.2
34,0.137,1.2
35,0.137,1.2
36,0.137,1.2
37,0.137,1.2
38,0.137,1.2
39,0.137,1.2
40,0.184,1.2
41,0.137,1.2
42,0.137,1.2
43,0.137,1.2
44,0.184,1.2
45,0.184,1.2
46,0.184,1.2
47,0.184,1.2
48,0.184,1.2
49,0.184,1.2
50,0.184,1.2
51,0.184,1.2
52,0.184,1.2
53,0.184,1.2
54,0.184,1.2
55,0.184,1.2
56,0.184,1.2
57,0.184,1.2
58,0.184,1.2
59,0.184,1.2
60,0.184,1.2
61,0.184,1.2
62,0.184,1.2
63,0.184,1.2
64,0.184,1.2
65,0.184,1.2
66,0.184,1.2
67,0.184,1.2
68,0.184,1.2
69,0.184,1.2
70,0.231,1.2
71,0.184,1.2
72,0.231,1.2
73,0.231,1.2
74,0.231,1.2
75,0.231,1.2
76,0.231,1.2
77,0.231,1.2
78,0.231,1.2
79,0.231,1.2
80,0.231,1.2
81,0.231,1.2
82,0.231,1.2
83,0.231,1.2
84,0.231,1.2
85,0.231,1.2
86,0.231,1.2
87,0.231,1.2
88,0.231,1.2
89,0.231,1.2
90,0.231,1.2
91,0.231,1.2
92,0.231,1.2
93,0.231,1.2
94,0.231,1.2
95,0.231,1.2
96,0.231,1.2
97,0.231,1.2
98,0.231,1.2
99,0.231,1.2
100,0.231,1.2
101,0.231,1.2
102,0.231,1.2
103,0.231,1.2
104,0.231,1.2
105,0.231,1.2
106,0.231,1.2
107,0.231,1.2
108,0.231,1.2
109,0.231,1.2
110,0.231,1.2
111,0.231,1.2
112,0.274,1.2
113,0.231,1.2
114,0.231,1.2
115,0.274,1.2
116,0.274,1.2
117,0.274,1.2
118,0.274,1.2
119,0.274,1.2
120,0.274,1.2
121,0.274,1.2
122,0.274,1.2
123,0.274,1.2
124,0.274,1.2
125,0.274,1.2
126,0.274,1.2
127,0.274,1.2
128,0.274,1.2
129,0.274,1.2
130,0.274,1.2
131,0.274,1.2
132,0.274,1.2
133,0.274,1.2
134,0.274,1.2
135,0.274,1.2
136,0.274,1.2
137,0.274,1.2
138,0.274,1.2
139,0.274,1.2
140,0.274,1.2
141,0.274,1.2
142,0.274,1.2
143,0.274,1.2
144,0.274,1.2
145,0.274,1.2
146,0.274,1.2
147,0.274,1.2
148,0.274,1.2
149,0.274,1.2
150,0.274,1.2
151,0.274,1.2
152,0.274,1.2
153,0.274,1.2
154,0.274,1.2
155,0.274,1.2
156,0.274,1.2
157,0.274,1.2
158,0.274,1.2
159,0.274,1.2
160,0.274,1.2
161,0.274,1.2
162,0.274,1.2
163,0.274,1.2
164,0.274,1.2
165,0.274,1.2
166,0.274,1.2
167,0.274,1.2
168,0.274,1.2
169,0.274,1.2
170,0.274,1.2
171,0.274,1.2
172,0.274,1.2
173,0.274,1.2
174,0.274,1.2
175,0.274,1.2
176,0.274,1.2
177,0.274,1.2
178,0.274,1.2
179,0.274,1.2
180,0.274,1.2
181,0.274,1.2
182,0.274,1.2
183,0.274,1.2
184,0.274,1.2
185,0.274,1.2
186,0.274,1.2
187,0.274,1.2
188,0.274,1.2
189,0.274,1.2
190,0.274,1.2
191,0.274,1.2
192,0.274,1.2
193,0.274,1.2
194,0.274,1.2
195,0.274,1.2
196,0.274,1.2
197,0.274,1.2
198,0.274,1.2
199,0.274,1.2
200,0.321,1.2
201,0.321,1.2
202,0.321,1.2
203,0.321,1.2
204,0.274,1.2
205,0.274,1.2
206,0.321,1.2
207,0.274,1.2
208,0.321,1.2
209,0.274,1.2
210,0.321,1.2
211,0.274,1.2
212,0.321,1.2
213,0.274,1.2
214,0.321,1.2
215,0.274,1.2
216,0.321,1.2
217,0.321,1.2
218,0.321,1.2
219,0.321,1.2
220,0.321,1.2
221,0.321,1.2
222,0.321,1.2
223,0.321,1.2
224,0.321,1.2
225,0.321,1.2
226,0.321,1.2
227,0.321,1.2
228,0.321,1.2
229,0.321,1.2
230,0.321,1.2
231,0.321,1.2
232,0.321,1.2
233,0.321,1.2
234,0.321,1.2
235,0.321,1.2
236,0.321,1.2
237,0.321,1.2
238,0.321,1.2
239,0.321,1.2
240,0.321,1.2
241,0.321,1.2
242,0.321,1.2
243,0.321,1.2
244,0.321,1.2
245,0.321,1.2
246,0.321,1.2
247,0.321,1.2
248,0.321,1.2
249,0.321,1.2
250,0.321,1.2
251,0.321,1.2
252,0.321,1.2
253,0.321,1.2
254,0.321,1.2
255,0.321,1.2
256,0.321,1.2
257,0.321,1.2
258,0.321,1.2
259,0.321,1.2
260,0.321,1.2
261,0.321,1.2
262,0.321,1.2
263,0.321,1.2
264,0.321,1.2
265,0.321,1.2
266,0.321,1.2
267,0.321,1.2
268,0.321,1.2
269,0.321,1.2
270,0.321,1.2
271,0.321,1.2
272,0.321,1.2
273,0.321,1.2
274,0.321,1.2
275,0.321,1.2
276,0.321,1.2
277,0.321,1.2
278,0.321,1.2
279,0.321,1.2
280,0.321,1.2
281,0.321,1.2
282,0.321,1.2
283,0.321,1.2
284,0.321,1.2
285,0.321,1.2
286,0.321,1.2
287,0.321,1.2
288,0.321,1.2
289,0.321,1.2
290,0.321,1.2
291,0.321,1.2
292,0.321,1.2
293,0.321,1.2
294,0.321,1.2
295,0.321,1.2
296,0.321,1.2
297,0.321,1.2
298,0.321,1.2
299,0.321,1.2
300,0.321,1.2
301,0.321,1.2
302,0.321,1.2
303,0.321,1.2
304,0.321,1.2
305,0.321,1.2
306,0.321,1.2
307,0.321,1.2
308,0.321,1.2
309,0.321,1.2
310,0.321,1.2
311,0.321,1.2
312,0.321,1.2
313,0.321,1.2
314,0.321,1.2
315,0.321,1.2
316,0.321,1.2
317,0.321,1.2
318,0.321,1.2
319,0.368,1.2
320,0.321,1.2
321,0.368,1.2
322,0.321,1.2
323,0.321,1.2
324,0.321,1.2
325,0.368,1.2
326,0.321,1.2
327,0.368,1.2
328,0.321,1.2
329,0.321,1.2
330,0.321,1.2
331,0.368,1.2
332,0.321,1.2
333,0.368,1.2
334,0.321,1.2
335,0.368,1.2
336,0.321,1.2
337,0.368,1.2
338,0.368,1.2
339,0.368,1.2
340,0.368,1.2
341,0.368,1.2
342,0.368,1.2
343,0.368,1.2
344,0.368,1.2
345,0.368,1.2
346,0.368,1.2
347,0.368,1.2
348,0.368,1.2
349,0.368,1.2
350,0.368,1.2
351,0.368,1.2
352,0.368,1.2
353,0.368,1.2
354,0.368,1.2
355,0.368,1.2
356,0.368,1.2
357,0.368,1.2
358,0.368,1.2
359,0.368,1.2
360,0.368,1.2
361,0.368,1.2
362,0.368,1.2
363,0.368,1.2
364,0.368,1.2
365,0.368,1.2
366,0.368,1.2
367,0.368,1.2
368,0.368,1.2
369,0.368,1.2
370,0.368,1.2
371,0.368,1.2
372,0.368,1.2
373,0.368,1.2
374,0.368,1.2
375,0.368,1.2
376,0.368,1.2
377,0.368,1.2
378,0.368,1.2
379,0.368,1.2
380,0.368,1.2
381,0.368,1.2
382,0.368,1.2
383,0.368,1.2
384,0.368,1.2
385,0.368,1.2
386,0.368,1.2
387,0.368,1.2
388,0.368,1.2
389,0.368,1.2
390,0.368,1.2
391,0.368,1.2
392,0.368,1.2
393,0.368,1.2
394,0.368,1.2
395,0.368,1.2
396,0.368,1.2
397,0.368,1.2
398,0.368,1.2
399,0.368,1.2
400,0.368,1.2
401,0.368,1.2
402,0.368,1.2
403,0.368,1.2
404,0.368,1.2
405,0.368,1.2
406,0.368,1.2
407,0.368,1.2
408,0.368,1.2
409,0.368,1.2
410,0.368,1.2
411,0.368,1.2
412,0.368,1.2
413,0.368,1.2
414,0.368,1.2
415,0.368,1.2
416,0.368,1.2
417,0.368,1.2
418,0.368,1.2
419,0.368,1.2
420,0.368,1.2
421,0.368,1.2
422,0.368,1.2
423,0.368,1.2
424,0.368,1.2
425,0.368,1.2
426,0.411,1.2
427,0.368,1.2
428,0.411,1.2
429,0.368,1.2
430,0.411,1.2
431,0.368,1.2
432,0.411,1.2
433,0.368,1.2
434,0.368,1.2
435,0.368,1.2
436,0.411,1.2
437,0.368,1.2
438,0.411,1.2
439,0.368,1.2
440,0.411,1.2
441,0.368,1.2
442,0.411,1.2
443,0.368,1.2
444,0.368,1.2
445,0.411,1.2
446,0.368,1.2
447,0.411,1.2
448,0.368,1.2
449,0.411,1.2
450,0.411,1.2
451,0.411,1.2
452,0.411,1.2
453,0.411,1.2
454,0.411,1.2
455,0.411,1.2
456,0.411,1.2
457,0.411,1.2
458,0.411,1.2
459,0.411,1.2
460,0.411,1.2
461,0.411,1.2
462,0.411,1.2
463,0.411,1.2
464,0.411,1.2
465,0.411,1.2
466,0.411,1.2
467,0.411,1.2
468,0.411,1.2
469,0.411,1.2
470,0.411,1.2
471,0.411,1.2
472,0.411,1.2
473,0.411,1.2
474,0.411,1.2
475,0.411,1.2
476,0.411,1.2
477,0.411,1.2
478,0.411,1.2
479,0.411,1.2
480,0.411,1.2
481,0.411,1.2
482,0.411,1.2
483,0.411,1.2
484,0.411,1.2
485,0.411,1.2
486,0.411,1.2
487,0.411,1.2
488,0.411,1.2
489,0.411,1.2
490,0.411,1.2
491,0.411,1.2
492,0.411,1.2
493,0.411,1.2
494,0.411,1.2
495,0.411,1.2
496,0.411,1.2
497,0.411,1.2
498,0.411,1.2
499,0.411,1.2
500,0.411,1.2
501,0.411,1.2
502,0.411,1.2
503,0.411,1.2
504,0.411,1.2
505,0.411,1.2
506,0.411,1.2
507,0.411,1.2
508,0.411,1.2
509,0.411,1.2
510,0.411,1.2
511,0.411,1.2
512,0.411,1.2
513,0.411,1.2
514,0.411,1.2
515,0.411,1.2
516,0.411,1.2
517,0.411,1.2
518,0.411,1.2
519,0.411,1.2
520,0.411,1.2
521,0.411,1.2
522,0.411,1.2
523,0.411,1.2
524,0.411,1.2
525,0.411,1.2
526,0.411,1.2
527,0.411,1.2
528,0.411,1.2
529,0.411,1.2
530,0.411,1.2
531,0.411,1.2
532,0.411,1.2
533,0.411,1.2
534,0.411,1.2
535,0.458,1.2
536,0.411,1.2
537,0.458,1.2
538,0.411,1.2
539,0.411,1.2
540,0.458,1.2
541,0.411,1.2
542,0.458,1.2
543,0.411,1.2
544,0.458,1.2
545,0.411,1.2
546,0.458,1.2
547,0.411,1.2
548,0.411,1.2
549,0.411,1.2
550,0.458,1.2
551,0.411,1.2
552,0.458,1.2
553,0.411,1.2
554,0.458,1.2
555,0.411,1.2
556,0.458,1.2
557,0.411,1.2
558,0.411,1.2
559,0.411,1.2
560,0.458,1.2
561,0.411,1.2
562,0.458,1.2
563,0.411,1.2
564,0.458,1.2
565,0.411,1.2
566,0.458,1.2
567,0.458,1.2
568,0.458,1.2
569,0.458,1.2
570,0.458,1.2
571,0.458,1.2
572,0.458,1.2
573,0.458,1.2
574,0.458,1.2
575,0.458,1.2
576,0.458,1.2
577,0.458,1.2
578,0.458,1.2
579,0.458,1.2
580,0.458,1.2
581,0.458,1.2
582,0.458,1.2
583,0.458,1.2
584,0.458,1.2
585,0.458,1.2
586,0.458,1.2
587,0.458,1.2
588,0.458,1.2
589,0.458,1.2
590,0.458,1.2
591,0.458,1.2
592,0.458,1.2
593,0.458,1.2
594,0.458,1.2
595,0.458,1.2
596,0.458,1.2
597,0.458,1.2
598,0.458,1.2
599,0.458,1.2
600,0.458,1.2
601,0.458,1.2
602,0.458,1.2
603,0.458,1.2
604,0.458,1.2
605,0.458,1.2
606,0.458,1.2
607,0.458,1.2
608,0.458,1.2
609,0.458,1.2
610,0.458,1.2
611,0.458,1.2
612,0.458,1.2
613,0.458,1.2
614,0.458,1.2
615,0.504,1.2
616,0.458,1.2
617,0.504,1.2
618,0.458,1.2
619,0.458,1.2
620,0.504,1.2
621,0.458,1.2
622,0.504,1.2
623,0.458,1.2
624,0.504,1.2
625,0.458,1.2
626,0.458,1.2
627,0.504,1.2
628,0.458,1.2
629,0.504,1.2
630,0.458,1.2
631,0.504,1.2
632,0.458,1.2
633,0.458,1.2
634,0.504,1.2
635,0.458,1.2
636,0.504,1.2
637,0.458,1.2
638,0.504,1.2
639,0.458,1.2
640,0.504,1.2
641,0.458,1.2
642,0.458,1.2
643,0.458,1.2
644,0.504,1.2
645,0.458,1.2
646,0.504,1.2
647,0.458,1.2
648,0.504,1.2
649,0.458,1.2
650,0.504,1.2
651,0.458,1.2
652,0.504,1.2
653,0.458,1.2
654,0.458,1.2
655,0.458,1.2
656,0.458,1.2
657,0.458,1.2
658,0.504,1.2
659,0.458,1.2
660,0.504,1.2
661,0.458,1.2
662,0.504,1.2
663,0.458,1.2
664,0.504,1.2
665,0.458,1.2
666,0.504,1.2
667,0.458,1.2
668,0.504,1.2
669,0.458,1.2
670,0.458,1.2
671,0.504,1.2
672,0.504,1.2
673,0.504,1.2
674,0.504,1.2
675,0.504,1.2
676,0.504,1.2
677,0.504,1.2
678,0.504,1.2
679,0.504,1.2
680,0.504,1.2
681,0.504,1.2
682,0.504,1.2
683,0.504,1.2
684,0.504,1.2
685,0.504,1.2
686,0.504,1.2
687,0.504,1.2
688,0.504,1.2
689,0.504,1.2
690,0.504,1.2
691,0.504,1.2
692,0.504,1.2
693,0.504,1.2
694,0.504,1.2
695,0.504,1.2
696,0.504,1.2
697,0.504,1.2
698,0.504,1.2
699,0.504,1.2
700,0.504,1.2
701,0.504,1.2
702,0.504,1.2
703,0.504,1.2
704,0.504,1.2
705,0.504,1.2
706,0.504,1.2
707,0.504,1.2
708,0.504,1.2
709,0.504,1.2
710,0.504,1.2
711,0.504,1.2
712,0.504,1.2
713,0.504,1.2
714,0.504,1.2
715,0.504,1.2
716,0.504,1.2
717,0.504,1.2
718,0.504,1.2
719,0.504,1.2
720,0.504,1.2
721,0.504,1.2
722,0.504,1.2
723,0.504,1.2
724,0.504,1.2
725,0.547,1.2
1,0,1.4
2,0,1.4
3,0,1.4
4,0,1.4
5,0,1.4
6,0,1.4
7,0.047,1.4
8,0.047,1.4
9,0.047,1.4
10,0.047,1.4
11,0.047,1.4
12,0.047,1.4
13,0.047,1.4
14,0.047,1.4
15,0.047,1.4
16,0.047,1.4
17,0.047,1.4
18,0.047,1.4
19,0.094,1.4
20,0.094,1.4
21,0.094,1.4
22,0.094,1.4
23,0.094,1.4
24,0.094,1.4
25,0.094,1.4
26,0.094,1.4
27,0.094,1.4
28,0.094,1.4
29,0.094,1.4
30,0.094,1.4
31,0.094,1.4
32,0.137,1.4
33,0.137,1.4
34,0.137,1.4
35,0.137,1.4
36,0.137,1.4
37,0.137,1.4
38,0.137,1.4
39,0.137,1.4
40,0.137,1.4
41,0.137,1.4
42,0.137,1.4
43,0.137,1.4
44,0.137,1.4
45,0.137,1.4
46,0.137,1.4
47,0.137,1.4
48,0.137,1.4
49,0.137,1.4
50,0.137,1.4
51,0.137,1.4
52,0.137,1.4
53,0.137,1.4
54,0.137,1.4
55,0.137,1.4
56,0.184,1.4
57,0.184,1.4
58,0.184,1.4
59,0.184,1.4
60,0.184,1.4
61,0.184,1.4
62,0.184,1.4
63,0.184,1.4
64,0.184,1.4
65,0.184,1.4
66,0.184,1.4
67,0.184,1.4
68,0.184,1.4
69,0.184,1.4
70,0.184,1.4
71,0.184,1.4
72,0.184,1.4
73,0.184,1.4
74,0.184,1.4
75,0.184,1.4
76,0.184,1.4
77,0.184,1.4
78,0.184,1.4
79,0.184,1.4
80,0.184,1.4
81,0.184,1.4
82,0.184,1.4
83,0.184,1.4
84,0.184,1.4
85,0.184,1.4
86,0.231,1.4
87,0.231,1.4
88,0.231,1.4
89,0.231,1.4
90,0.231,1.4
91,0.231,1.4
92,0.231,1.4
93,0.231,1.4
94,0.231,1.4
95,0.231,1.4
96,0.231,1.4
97,0.231,1.4
98,0.231,1.4
99,0.231,1.4
100,0.231,1.4
101,0.231,1.4
102,0.231,1.4
103,0.231,1.4
104,0.231,1.4
105,0.231,1.4
106,0.231,1.4
107,0.231,1.4
108,0.231,1.4
109,0.231,1.4
110,0.231,1.4
111,0.231,1.4
112,0.231,1.4
113,0.231,1.4
114,0.231,1.4
115,0.231,1.4
116,0.231,1.4
117,0.231,1.4
118,0.231,1.4
119,0.231,1.4
120,0.231,1.4
121,0.231,1.4
122,0.231,1.4
123,0.231,1.4
124,0.231,1.4
125,0.231,1.4
126,0.231,1.4
127,0.231,1.4
128,0.231,1.4
129,0.231,1.4
130,0.231,1.4
131,0.231,1.4
132,0.274,1.4
133,0.231,1.4
134,0.231,1.4
135,0.231,1.4
136,0.231,1.4
137,0.231,1.4
138,0.231,1.4
139,0.231,1.4
140,0.231,1.4
141,0.231,1.4
142,0.274,1.4
143,0.274,1.4
144,0.274,1.4
145,0.274,1.4
146,0.274,1.4
147,0.274,1.4
148,0.274,1.4
149,0.274,1.4
150,0.274,1.4
151,0.274,1.4
152,0.274,1.4
153,0.274,1.4
154,0.274,1.4
155,0.274,1.4
156,0.274,1.4
157,0.274,1.4
158,0.274,1.4
159,0.274,1.4
160,0.274,1.4
161,0.274,1.4
162,0.274,1.4
163,0.274,1.4
164,0.274,1.4
165,0.274,1.4
166,0.274,1.4
167,0.274,1.4
168,0.274,1.4
169,0.274,1.4
170,0.274,1.4
171,0.274,1.4
172,0.274,1.4
173,0.274,1.4
174,0.274,1.4
175,0.274,1.4
176,0.274,1.4
177,0.274,1.4
178,0.274,1.4
179,0.274,1.4
180,0.274,1.4
181,0.274,1.4
182,0.274,1.4
183,0.274,1.4
184,0.274,1.4
185,0.274,1.4
186,0.274,1.4
187,0.274,1.4
188,0.274,1.4
189,0.274,1.4
190,0.274,1.4
191,0.274,1.4
192,0.274,1.4
193,0.274,1.4
194,0.274,1.4
195,0.274,1.4
196,0.274,1.4
197,0.274,1.4
198,0.274,1.4
199,0.274,1.4
200,0.274,1.4
201,0.274,1.4
202,0.274,1.4
203,0.274,1.4
204,0.274,1.4
205,0.274,1.4
206,0.274,1.4
207,0.274,1.4
208,0.274,1.4
209,0.274,1.4
210,0.274,1.4
211,0.274,1.4
212,0.274,1.4
213,0.274,1.4
214,0.274,1.4
215,0.274,1.4
216,0.274,1.4
217,0.274,1.4
218,0.274,1.4
219,0.274,1.4
220,0.274,1.4
221,0.274,1.4
222,0.274,1.4
223,0.274,1.4
224,0.274,1.4
225,0.274,1.4
226,0.274,1.4
227,0.274,1.4
228,0.274,1.4
229,0.274,1.4
230,0.274,1.4
231,0.274,1.4
232,0.274,1.4
233,0.274,1.4
234,0.274,1.4
235,0.274,1.4
236,0.274,1.4
237,0.274,1.4
238,0.274,1.4
239,0.274,1.4
240,0.274,1.4
241,0.274,1.4
242,0.274,1.4
243,0.274,1.4
244,0.274,1.4
245,0.274,1.4
246,0.274,1.4
247,0.274,1.4
248,0.274,1.4
249,0.321,1.4
250,0.274,1.4
251,0.274,1.4
252,0.274,1.4
253,0.274,1.4
254,0.274,1.4
255,0.274,1.4
256,0.274,1.4
257,0.274,1.4
258,0.274,1.4
259,0.321,1.4
260,0.274,1.4
261,0.321,1.4
262,0.321,1.4
263,0.274,1.4
264,0.321,1.4
265,0.321,1.4
266,0.321,1.4
267,0.321,1.4
268,0.321,1.4
269,0.321,1.4
270,0.321,1.4
271,0.321,1.4
272,0.321,1.4
273,0.321,1.4
274,0.321,1.4
275,0.321,1.4
276,0.321,1.4
277,0.321,1.4
278,0.321,1.4
279,0.321,1.4
280,0.321,1.4
281,0.321,1.4
282,0.321,1.4
283,0.321,1.4
284,0.321,1.4
285,0.321,1.4
286,0.321,1.4
287,0.321,1.4
288,0.321,1.4
289,0.321,1.4
290,0.321,1.4
291,0.321,1.4
292,0.321,1.4
293,0.321,1.4
294,0.321,1.4
295,0.321,1.4
296,0.321,1.4
297,0.321,1.4
298,0.321,1.4
299,0.321,1.4
300,0.321,1.4
301,0.321,1.4
302,0.321,1.4
303,0.321,1.4
304,0.321,1.4
305,0.321,1.4
306,0.321,1.4
307,0.321,1.4
308,0.321,1.4
309,0.321,1.4
310,0.321,1.4
311,0.321,1.4
312,0.321,1.4
313,0.321,1.4
314,0.321,1.4
315,0.321,1.4
316,0.321,1.4
317,0.321,1.4
318,0.321,1.4
319,0.321,1.4
320,0.321,1.4
321,0.321,1.4
322,0.321,1.4
323,0.321,1.4
324,0.321,1.4
325,0.321,1.4
326,0.321,1.4
327,0.321,1.4
328,0.321,1.4
329,0.321,1.4
330,0.321,1.4
331,0.321,1.4
332,0.321,1.4
333,0.321,1.4
334,0.321,1.4
335,0.321,1.4
336,0.321,1.4
337,0.321,1.4
338,0.321,1.4
339,0.321,1.4
340,0.321,1.4
341,0.321,1.4
342,0.321,1.4
343,0.321,1.4
344,0.321,1.4
345,0.321,1.4
346,0.321,1.4
347,0.321,1.4
348,0.321,1.4
349,0.321,1.4
350,0.321,1.4
351,0.321,1.4
352,0.321,1.4
353,0.321,1.4
354,0.321,1.4
355,0.321,1.4
356,0.321,1.4
357,0.321,1.4
358,0.321,1.4
359,0.321,1.4
360,0.321,1.4
361,0.321,1.4
362,0.321,1.4
363,0.321,1.4
364,0.321,1.4
365,0.321,1.4
366,0.321,1.4
367,0.321,1.4
368,0.321,1.4
369,0.321,1.4
370,0.321,1.4
371,0.321,1.4
372,0.321,1.4
373,0.321,1.4
374,0.321,1.4
375,0.321,1.4
376,0.321,1.4
377,0.321,1.4
378,0.321,1.4
379,0.321,1.4
380,0.321,1.4
381,0.321,1.4
382,0.321,1.4
383,0.321,1.4
384,0.321,1.4
385,0.321,1.4
386,0.321,1.4
387,0.321,1.4
388,0.368,1.4
389,0.321,1.4
390,0.321,1.4
391,0.321,1.4
392,0.321,1.4
393,0.321,1.4
394,0.321,1.4
395,0.321,1.4
396,0.321,1.4
397,0.321,1.4
398,0.321,1.4
399,0.321,1.4
400,0.321,1.4
401,0.321,1.4
402,0.321,1.4
403,0.368,1.4
404,0.368,1.4
405,0.368,1.4
406,0.368,1.4
407,0.321,1.4
408,0.368,1.4
409,0.368,1.4
410,0.368,1.4
411,0.368,1.4
412,0.368,1.4
413,0.368,1.4
414,0.368,1.4
415,0.368,1.4
416,0.368,1.4
417,0.368,1.4
418,0.368,1.4
419,0.368,1.4
420,0.368,1.4
421,0.368,1.4
422,0.368,1.4
423,0.368,1.4
424,0.368,1.4
425,0.368,1.4
426,0.368,1.4
427,0.368,1.4
428,0.368,1.4
429,0.368,1.4
430,0.368,1.4
431,0.368,1.4
432,0.368,1.4
433,0.368,1.4
434,0.368,1.4
435,0.368,1.4
436,0.368,1.4
437,0.368,1.4
438,0.368,1.4
439,0.368,1.4
440,0.368,1.4
441,0.368,1.4
442,0.368,1.4
443,0.368,1.4
444,0.368,1.4
445,0.368,1.4
446,0.368,1.4
447,0.368,1.4
448,0.368,1.4
449,0.368,1.4
450,0.368,1.4
451,0.368,1.4
452,0.368,1.4
453,0.368,1.4
454,0.368,1.4
455,0.368,1.4
456,0.368,1.4
457,0.368,1.4
458,0.368,1.4
459,0.368,1.4
460,0.368,1.4
461,0.368,1.4
462,0.368,1.4
463,0.368,1.4
464,0.368,1.4
465,0.368,1.4
466,0.368,1.4
467,0.368,1.4
468,0.368,1.4
469,0.368,1.4
470,0.368,1.4
471,0.368,1.4
472,0.368,1.4
473,0.368,1.4
474,0.368,1.4
475,0.368,1.4
476,0.368,1.4
477,0.368,1.4
478,0.368,1.4
479,0.368,1.4
480,0.368,1.4
481,0.368,1.4
482,0.368,1.4
483,0.368,1.4
484,0.368,1.4
485,0.368,1.4
486,0.368,1.4
487,0.368,1.4
488,0.368,1.4
489,0.368,1.4
490,0.368,1.4
491,0.368,1.4
492,0.368,1.4
493,0.368,1.4
494,0.368,1.4
495,0.368,1.4
496,0.368,1.4
497,0.368,1.4
498,0.368,1.4
499,0.368,1.4
500,0.368,1.4
501,0.368,1.4
502,0.368,1.4
503,0.368,1.4
504,0.368,1.4
505,0.368,1.4
506,0.368,1.4
507,0.368,1.4
508,0.368,1.4
509,0.368,1.4
510,0.368,1.4
511,0.368,1.4
512,0.368,1.4
513,0.411,1.4
514,0.368,1.4
515,0.368,1.4
516,0.368,1.4
517,0.368,1.4
518,0.368,1.4
519,0.368,1.4
520,0.368,1.4
521,0.368,1.4
522,0.368,1.4
523,0.368,1.4
524,0.368,1.4
525,0.368,1.4
526,0.368,1.4
527,0.368,1.4
528,0.368,1.4
529,0.411,1.4
530,0.368,1.4
531,0.368,1.4
532,0.368,1.4
533,0.368,1.4
534,0.368,1.4
535,0.411,1.4
536,0.411,1.4
537,0.411,1.4
538,0.411,1.4
539,0.411,1.4
540,0.411,1.4
541,0.411,1.4
542,0.411,1.4
543,0.411,1.4
544,0.411,1.4
545,0.411,1.4
546,0.411,1.4
547,0.411,1.4
548,0.411,1.4
549,0.411,1.4
550,0.411,1.4
551,0.411,1.4
552,0.411,1.4
553,0.411,1.4
554,0.411,1.4
555,0.411,1.4
556,0.411,1.4
557,0.411,1.4
558,0.411,1.4
559,0.411,1.4
560,0.411,1.4
561,0.411,1.4
562,0.411,1.4
563,0.411,1.4
564,0.411,1.4
565,0.411,1.4
566,0.411,1.4
567,0.411,1.4
568,0.411,1.4
569,0.411,1.4
570,0.411,1.4
571,0.411,1.4
572,0.411,1.4
573,0.411,1.4
574,0.411,1.4
575,0.411,1.4
576,0.411,1.4
577,0.411,1.4
578,0.411,1.4
579,0.411,1.4
580,0.411,1.4
581,0.411,1.4
582,0.411,1.4
583,0.411,1.4
584,0.411,1.4
585,0.411,1.4
586,0.411,1.4
587,0.411,1.4
588,0.411,1.4
589,0.411,1.4
590,0.411,1.4
591,0.411,1.4
592,0.411,1.4
593,0.411,1.4
594,0.411,1.4
595,0.411,1.4
596,0.411,1.4
597,0.411,1.4
598,0.411,1.4
599,0.411,1.4
600,0.411,1.4
601,0.411,1.4
602,0.411,1.4
603,0.411,1.4
604,0.411,1.4
605,0.411,1.4
606,0.411,1.4
607,0.411,1.4
608,0.411,1.4
609,0.411,1.4
610,0.411,1.4
611,0.411,1.4
612,0.411,1.4
613,0.411,1.4
614,0.411,1.4
615,0.411,1.4
616,0.411,1.4
617,0.411,1.4
618,0.411,1.4
619,0.411,1.4
620,0.411,1.4
621,0.411,1.4
622,0.411,1.4
623,0.411,1.4
624,0.411,1.4
625,0.458,1.4
626,0.411,1.4
627,0.411,1.4
628,0.411,1.4
629,0.411,1.4
630,0.411,1.4
631,0.411,1.4
632,0.411,1.4
633,0.411,1.4
634,0.411,1.4
635,0.411,1.4
636,0.411,1.4
637,0.411,1.4
638,0.411,1.4
639,0.411,1.4
640,0.458,1.4
641,0.411,1.4
642,0.411,1.4
643,0.411,1.4
644,0.411,1.4
645,0.411,1.4
646,0.411,1.4
647,0.411,1.4
648,0.411,1.4
649,0.411,1.4
650,0.411,1.4
651,0.411,1.4
652,0.411,1.4
653,0.411,1.4
654,0.411,1.4
655,0.411,1.4
656,0.411,1.4
657,0.411,1.4
658,0.411,1.4
659,0.458,1.4
660,0.458,1.4
661,0.458,1.4
662,0.458,1.4
663,0.458,1.4
664,0.458,1.4
665,0.458,1.4
666,0.458,1.4
667,0.411,1.4
668,0.411,1.4
669,0.458,1.4
670,0.458,1.4
671,0.458,1.4
672,0.411,1.4
673,0.458,1.4
674,0.458,1.4
675,0.458,1.4
676,0.458,1.4
677,0.458,1.4
678,0.458,1.4
679,0.458,1.4
680,0.458,1.4
681,0.458,1.4
682,0.458,1.4
683,0.458,1.4
684,0.458,1.4
685,0.458,1.4
686,0.458,1.4
687,0.458,1.4
688,0.458,1.4
689,0.458,1.4
690,0.458,1.4
691,0.458,1.4
692,0.458,1.4
693,0.458,1.4
694,0.458,1.4
695,0.458,1.4
696,0.458,1.4
697,0.458,1.4
698,0.458,1.4
699,0.458,1.4
700,0.458,1.4
701,0.458,1.4
702,0.458,1.4
703,0.458,1.4
704,0.458,1.4
705,0.458,1.4
706,0.458,1.4
707,0.458,1.4
708,0.458,1.4
709,0.458,1.4
710,0.458,1.4
711,0.458,1.4
712,0.458,1.4
713,0.458,1.4
714,0.458,1.4
715,0.458,1.4
716,0.458,1.4
717,0.458,1.4
718,0.458,1.4
719,0.458,1.4
720,0.458,1.4
721,0.458,1.4
722,0.458,1.4
723,0.458,1.4
724,0.458,1.4
725,0.458,1.4
1,0,1.7
2,0,1.7
3,0.047,1.7
4,0.047,1.7
5,0.047,1.7
6,0.047,1.7
7,0.047,1.7
8,0.047,1.7
9,0.047,1.7
10,0.047,1.7
11,0.047,1.7
12,0.09,1.7
13,0.09,1.7
14,0.09,1.7
15,0.09,1.7
16,0.09,1.7
17,0.09,1.7
18,0.09,1.7
19,0.09,1.7
20,0.09,1.7
21,0.09,1.7
22,0.09,1.7
23,0.137,1.7
24,0.137,1.7
25,0.137,1.7
26,0.137,1.7
27,0.137,1.7
28,0.137,1.7
29,0.137,1.7
30,0.137,1.7
31,0.137,1.7
32,0.137,1.7
33,0.137,1.7
34,0.137,1.7
35,0.137,1.7
36,0.137,1.7
37,0.137,1.7
38,0.18,1.7
39,0.18,1.7
40,0.18,1.7
41,0.18,1.7
42,0.18,1.7
43,0.18,1.7
44,0.18,1.7
45,0.18,1.7
46,0.18,1.7
47,0.18,1.7
48,0.18,1.7
49,0.18,1.7
50,0.18,1.7
51,0.18,1.7
52,0.18,1.7
53,0.18,1.7
54,0.18,1.7
55,0.18,1.7
56,0.18,1.7
57,0.18,1.7
58,0.18,1.7
59,0.18,1.7
60,0.18,1.7
61,0.18,1.7
62,0.18,1.7
63,0.18,1.7
64,0.18,1.7
65,0.223,1.7
66,0.223,1.7
67,0.18,1.7
68,0.223,1.7
69,0.223,1.7
70,0.223,1.7
71,0.223,1.7
72,0.223,1.7
73,0.223,1.7
74,0.223,1.7
75,0.223,1.7
76,0.223,1.7
77,0.223,1.7
78,0.223,1.7
79,0.223,1.7
80,0.223,1.7
81,0.223,1.7
82,0.223,1.7
83,0.223,1.7
84,0.223,1.7
85,0.223,1.7
86,0.223,1.7
87,0.223,1.7
88,0.223,1.7
89,0.223,1.7
90,0.223,1.7
91,0.223,1.7
92,0.223,1.7
93,0.223,1.7
94,0.223,1.7
95,0.27,1.7
96,0.223,1.7
97,0.223,1.7
98,0.223,1.7
99,0.223,1.7
100,0.223,1.7
101,0.223,1.7
102,0.27,1.7
103,0.27,1.7
104,0.27,1.7
105,0.27,1.7
106,0.27,1.7
107,0.27,1.7
108,0.27,1.7
109,0.27,1.7
110,0.27,1.7
111,0.27,1.7
112,0.27,1.7
113,0.27,1.7
114,0.27,1.7
115,0.27,1.7
116,0.27,1.7
117,0.27,1.7
118,0.27,1.7
119,0.27,1.7
120,0.27,1.7
121,0.27,1.7
122,0.27,1.7
123,0.27,1.7
124,0.27,1.7
125,0.27,1.7
126,0.27,1.7
127,0.27,1.7
128,0.27,1.7
129,0.27,1.7
130,0.27,1.7
131,0.27,1.7
132,0.27,1.7
133,0.27,1.7
134,0.27,1.7
135,0.27,1.7
136,0.27,1.7
137,0.27,1.7
138,0.27,1.7
139,0.27,1.7
140,0.27,1.7
141,0.27,1.7
142,0.27,1.7
143,0.27,1.7
144,0.27,1.7
145,0.27,1.7
146,0.27,1.7
147,0.27,1.7
148,0.27,1.7
149,0.27,1.7
150,0.27,1.7
151,0.27,1.7
152,0.27,1.7
153,0.27,1.7
154,0.27,1.7
155,0.27,1.7
156,0.27,1.7
157,0.27,1.7
158,0.27,1.7
159,0.27,1.7
160,0.27,1.7
161,0.27,1.7
162,0.27,1.7
163,0.27,1.7
164,0.27,1.7
165,0.27,1.7
166,0.27,1.7
167,0.27,1.7
168,0.27,1.7
169,0.27,1.7
170,0.27,1.7
171,0.27,1.7
172,0.27,1.7
173,0.27,1.7
174,0.27,1.7
175,0.27,1.7
176,0.27,1.7
177,0.27,1.7
178,0.27,1.7
179,0.27,1.7
180,0.27,1.7
181,0.27,1.7
182,0.27,1.7
183,0.27,1.7
184,0.27,1.7
185,0.27,1.7
186,0.27,1.7
187,0.27,1.7
188,0.27,1.7
189,0.27,1.7
190,0.27,1.7
191,0.27,1.7
192,0.27,1.7
193,0.27,1.7
194,0.27,1.7
195,0.27,1.7
196,0.27,1.7
197,0.27,1.7
198,0.27,1.7
199,0.27,1.7
200,0.27,1.7
201,0.27,1.7
202,0.27,1.7
203,0.313,1.7
204,0.27,1.7
205,0.27,1.7
206,0.27,1.7
207,0.27,1.7
208,0.313,1.7
209,0.27,1.7
210,0.313,1.7
211,0.313,1.7
212,0.313,1.7
213,0.313,1.7
214,0.313,1.7
215,0.313,1.7
216,0.313,1.7
217,0.313,1.7
218,0.313,1.7
219,0.313,1.7
220,0.313,1.7
221,0.313,1.7
222,0.313,1.7
223,0.313,1.7
224,0.313,1.7
225,0.313,1.7
226,0.313,1.7
227,0.313,1.7
228,0.313,1.7
229,0.313,1.7
230,0.313,1.7
231,0.313,1.7
232,0.313,1.7
233,0.313,1.7
234,0.313,1.7
235,0.313,1.7
236,0.313,1.7
237,0.313,1.7
238,0.313,1.7
239,0.313,1.7
240,0.313,1.7
241,0.313,1.7
242,0.313,1.7
243,0.313,1.7
244,0.313,1.7
245,0.313,1.7
246,0.313,1.7
247,0.313,1.7
248,0.313,1.7
249,0.313,1.7
250,0.313,1.7
251,0.313,1.7
252,0.313,1.7
253,0.313,1.7
254,0.313,1.7
255,0.313,1.7
256,0.313,1.7
257,0.313,1.7
258,0.313,1.7
259,0.313,1.7
260,0.313,1.7
261,0.313,1.7
262,0.313,1.7
263,0.313,1.7
264,0.313,1.7
265,0.313,1.7
266,0.313,1.7
267,0.313,1.7
268,0.313,1.7
269,0.313,1.7
270,0.313,1.7
271,0.313,1.7
272,0.313,1.7
273,0.313,1.7
274,0.313,1.7
275,0.313,1.7
276,0.313,1.7
277,0.313,1.7
278,0.313,1.7
279,0.313,1.7
280,0.313,1.7
281,0.313,1.7
282,0.313,1.7
283,0.313,1.7
284,0.313,1.7
285,0.313,1.7
286,0.313,1.7
287,0.313,1.7
288,0.313,1.7
289,0.313,1.7
290,0.313,1.7
291,0.313,1.7
292,0.313,1.7
293,0.313,1.7
294,0.313,1.7
295,0.313,1.7
296,0.313,1.7
297,0.313,1.7
298,0.313,1.7
299,0.359,1.7
300,0.313,1.7
301,0.313,1.7
302,0.313,1.7
303,0.313,1.7
304,0.313,1.7
305,0.313,1.7
306,0.313,1.7
307,0.313,1.7
308,0.359,1.7
309,0.313,1.7
310,0.313,1.7
311,0.313,1.7
312,0.313,1.7
313,0.313,1.7
314,0.313,1.7
315,0.313,1.7
316,0.313,1.7
317,0.313,1.7
318,0.313,1.7
319,0.313,1.7
320,0.313,1.7
321,0.313,1.7
322,0.313,1.7
323,0.313,1.7
324,0.359,1.7
325,0.359,1.7
326,0.359,1.7
327,0.359,1.7
328,0.359,1.7
329,0.359,1.7
330,0.359,1.7
331,0.359,1.7
332,0.359,1.7
333,0.359,1.7
334,0.359,1.7
335,0.359,1.7
336,0.359,1.7
337,0.359,1.7
338,0.359,1.7
339,0.359,1.7
340,0.359,1.7
341,0.359,1.7
342,0.359,1.7
343,0.359,1.7
344,0.359,1.7
345,0.359,1.7
346,0.359,1.7
347,0.359,1.7
348,0.359,1.7
349,0.359,1.7
350,0.359,1.7
351,0.359,1.7
352,0.359,1.7
353,0.359,1.7
354,0.359,1.7
355,0.359,1.7
356,0.359,1.7
357,0.359,1.7
358,0.359,1.7
359,0.359,1.7
360,0.359,1.7
361,0.359,1.7
362,0.359,1.7
363,0.359,1.7
364,0.359,1.7
365,0.359,1.7
366,0.359,1.7
367,0.359,1.7
368,0.359,1.7
369,0.359,1.7
370,0.359,1.7
371,0.359,1.7
372,0.359,1.7
373,0.359,1.7
374,0.359,1.7
375,0.359,1.7
376,0.359,1.7
377,0.359,1.7
378,0.359,1.7
379,0.359,1.7
380,0.359,1.7
381,0.359,1.7
382,0.359,1.7
383,0.359,1.7
384,0.359,1.7
385,0.359,1.7
386,0.359,1.7
387,0.359,1.7
388,0.359,1.7
389,0.359,1.7
390,0.359,1.7
391,0.359,1.7
392,0.359,1.7
393,0.359,1.7
394,0.359,1.7
395,0.359,1.7
396,0.359,1.7
397,0.359,1.7
398,0.359,1.7
399,0.359,1.7
400,0.359,1.7
401,0.359,1.7
402,0.402,1.7
403,0.359,1.7
404,0.359,1.7
405,0.359,1.7
406,0.359,1.7
407,0.359,1.7
408,0.359,1.7
409,0.359,1.7
410,0.359,1.7
411,0.359,1.7
412,0.359,1.7
413,0.359,1.7
414,0.359,1.7
415,0.359,1.7
416,0.359,1.7
417,0.359,1.7
418,0.359,1.7
419,0.359,1.7
420,0.359,1.7
421,0.359,1.7
422,0.359,1.7
423,0.359,1.7
424,0.359,1.7
425,0.359,1.7
426,0.359,1.7
427,0.359,1.7
428,0.359,1.7
429,0.359,1.7
430,0.359,1.7
431,0.402,1.7
432,0.402,1.7
433,0.402,1.7
434,0.359,1.7
435,0.402,1.7
436,0.402,1.7
437,0.402,1.7
438,0.402,1.7
439,0.402,1.7
440,0.402,1.7
441,0.402,1.7
442,0.402,1.7
443,0.402,1.7
444,0.402,1.7
445,0.402,1.7
446,0.402,1.7
447,0.402,1.7
448,0.402,1.7
449,0.402,1.7
450,0.402,1.7
451,0.402,1.7
452,0.402,1.7
453,0.402,1.7
454,0.402,1.7
455,0.402,1.7
456,0.402,1.7
457,0.402,1.7
458,0.402,1.7
459,0.402,1.7
460,0.402,1.7
461,0.402,1.7
462,0.402,1.7
463,0.402,1.7
464,0.402,1.7
465,0.402,1.7
466,0.402,1.7
467,0.402,1.7
468,0.402,1.7
469,0.402,1.7
470,0.402,1.7
471,0.402,1.7
472,0.402,1.7
473,0.402,1.7
474,0.402,1.7
475,0.402,1.7
476,0.402,1.7
477,0.402,1.7
478,0.402,1.7
479,0.402,1.7
480,0.402,1.7
481,0.402,1.7
482,0.402,1.7
483,0.402,1.7
484,0.402,1.7
485,0.402,1.7
486,0.402,1.7
487,0.402,1.7
488,0.402,1.7
489,0.402,1.7
490,0.402,1.7
491,0.402,1.7
492,0.402,1.7
493,0.402,1.7
494,0.402,1.7
495,0.402,1.7
496,0.402,1.7
497,0.402,1.7
498,0.402,1.7
499,0.402,1.7
500,0.402,1.7
501,0.402,1.7
502,0.402,1.7
503,0.402,1.7
504,0.402,1.7
505,0.402,1.7
506,0.402,1.7
507,0.402,1.7
508,0.402,1.7
509,0.449,1.7
510,0.402,1.7
511,0.402,1.7
512,0.402,1.7
513,0.402,1.7
514,0.402,1.7
515,0.402,1.7
516,0.402,1.7
517,0.402,1.7
518,0.402,1.7
519,0.402,1.7
520,0.402,1.7
521,0.402,1.7
522,0.402,1.7
523,0.402,1.7
524,0.402,1.7
525,0.449,1.7
526,0.402,1.7
527,0.402,1.7
528,0.402,1.7
529,0.402,1.7
530,0.402,1.7
531,0.402,1.7
532,0.402,1.7
533,0.402,1.7
534,0.402,1.7
535,0.402,1.7
536,0.402,1.7
537,0.402,1.7
538,0.402,1.7
539,0.402,1.7
540,0.402,1.7
541,0.449,1.7
542,0.402,1.7
543,0.402,1.7
544,0.402,1.7
545,0.402,1.7
546,0.402,1.7
547,0.402,1.7
548,0.402,1.7
549,0.402,1.7
550,0.402,1.7
551,0.402,1.7
552,0.402,1.7
553,0.449,1.7
554,0.402,1.7
555,0.449,1.7
556,0.449,1.7
557,0.449,1.7
558,0.449,1.7
559,0.449,1.7
560,0.449,1.7
561,0.449,1.7
562,0.449,1.7
563,0.449,1.7
564,0.449,1.7
565,0.449,1.7
566,0.449,1.7
567,0.449,1.7
568,0.449,1.7
569,0.449,1.7
570,0.449,1.7
571,0.449,1.7
572,0.449,1.7
573,0.449,1.7
574,0.449,1.7
575,0.449,1.7
576,0.449,1.7
577,0.449,1.7
578,0.449,1.7
579,0.449,1.7
580,0.449,1.7
581,0.449,1.7
582,0.449,1.7
583,0.449,1.7
584,0.449,1.7
585,0.449,1.7
586,0.449,1.7
587,0.449,1.7
588,0.492,1.7
589,0.449,1.7
590,0.449,1.7
591,0.449,1.7
592,0.449,1.7
593,0.449,1.7
594,0.449,1.7
595,0.449,1.7
596,0.449,1.7
597,0.449,1.7
598,0.449,1.7
599,0.449,1.7
600,0.449,1.7
601,0.449,1.7
602,0.449,1.7
603,0.449,1.7
604,0.449,1.7
605,0.449,1.7
606,0.449,1.7
607,0.449,1.7
608,0.449,1.7
609,0.449,1.7
610,0.449,1.7
611,0.449,1.7
612,0.449,1.7
613,0.449,1.7
614,0.449,1.7
615,0.449,1.7
616,0.449,1.7
617,0.449,1.7
618,0.449,1.7
619,0.449,1.7
620,0.449,1.7
621,0.449,1.7
622,0.449,1.7
623,0.449,1.7
624,0.449,1.7
625,0.449,1.7
626,0.449,1.7
627,0.449,1.7
628,0.449,1.7
629,0.449,1.7
630,0.492,1.7
631,0.449,1.7
632,0.449,1.7
633,0.449,1.7
634,0.449,1.7
635,0.449,1.7
636,0.449,1.7
637,0.449,1.7
638,0.449,1.7
639,0.449,1.7
640,0.449,1.7
641,0.449,1.7
642,0.449,1.7
643,0.449,1.7
644,0.449,1.7
645,0.449,1.7
646,0.492,1.7
647,0.449,1.7
648,0.449,1.7
649,0.449,1.7
650,0.449,1.7
651,0.449,1.7
652,0.449,1.7
653,0.449,1.7
654,0.449,1.7
655,0.449,1.7
656,0.449,1.7
657,0.449,1.7
658,0.449,1.7
659,0.449,1.7
660,0.449,1.7
661,0.449,1.7
662,0.492,1.7
663,0.449,1.7
664,0.449,1.7
665,0.449,1.7
666,0.449,1.7
667,0.449,1.7
668,0.449,1.7
669,0.449,1.7
670,0.449,1.7
671,0.449,1.7
672,0.449,1.7
673,0.449,1.7
674,0.449,1.7
675,0.449,1.7
676,0.449,1.7
677,0.449,1.7
678,0.492,1.7
679,0.449,1.7
680,0.449,1.7
681,0.492,1.7
682,0.492,1.7
683,0.492,1.7
684,0.449,1.7
685,0.492,1.7
686,0.492,1.7
687,0.492,1.7
688,0.492,1.7
689,0.492,1.7
690,0.449,1.7
691,0.449,1.7
692,0.492,1.7
693,0.492,1.7
694,0.492,1.7
695,0.492,1.7
696,0.449,1.7
697,0.492,1.7
698,0.492,1.7
699,0.492,1.7
700,0.492,1.7
701,0.492,1.7
702,0.492,1.7
703,0.492,1.7
704,0.492,1.7
705,0.492,1.7
706,0.492,1.7
707,0.492,1.7
708,0.492,1.7
709,0.492,1.7
710,0.492,1.7
711,0.492,1.7
712,0.492,1.7
713,0.492,1.7
714,0.492,1.7
715,0.492,1.7
716,0.492,1.7
717,0.492,1.7
718,0.492,1.7
719,0.492,1.7
720,0.492,1.7
721,0.492,1.7
722,0.492,1.7
723,0.492,1.7
724,0.492,1.7
725,0.492,1.7
1,0,1.8
2,0.043,1.8
3,0.043,1.8
4,0.043,1.8
5,0.043,1.8
6,0.043,1.8
7,0.043,1.8
8,0.043,1.8
9,0.043,1.8
10,0.09,1.8
11,0.09,1.8
12,0.09,1.8
13,0.09,1.8
14,0.09,1.8
15,0.09,1.8
16,0.09,1.8
17,0.09,1.8
18,0.09,1.8
19,0.09,1.8
20,0.09,1.8
21,0.09,1.8
22,0.133,1.8
23,0.133,1.8
24,0.133,1.8
25,0.133,1.8
26,0.133,1.8
27,0.133,1.8
28,0.133,1.8
29,0.133,1.8
30,0.133,1.8
31,0.133,1.8
32,0.133,1.8
33,0.133,1.8
34,0.133,1.8
35,0.133,1.8
36,0.133,1.8
37,0.18,1.8
38,0.18,1.8
39,0.18,1.8
40,0.18,1.8
41,0.18,1.8
42,0.18,1.8
43,0.18,1.8
44,0.18,1.8
45,0.18,1.8
46,0.18,1.8
47,0.18,1.8
48,0.18,1.8
49,0.18,1.8
50,0.18,1.8
51,0.18,1.8
52,0.18,1.8
53,0.18,1.8
54,0.18,1.8
55,0.18,1.8
56,0.18,1.8
57,0.18,1.8
58,0.18,1.8
59,0.18,1.8
60,0.223,1.8
61,0.223,1.8
62,0.18,1.8
63,0.223,1.8
64,0.223,1.8
65,0.223,1.8
66,0.223,1.8
67,0.223,1.8
68,0.223,1.8
69,0.223,1.8
70,0.223,1.8
71,0.223,1.8
72,0.223,1.8
73,0.223,1.8
74,0.223,1.8
75,0.223,1.8
76,0.223,1.8
77,0.223,1.8
78,0.223,1.8
79,0.223,1.8
80,0.223,1.8
81,0.223,1.8
82,0.223,1.8
83,0.223,1.8
84,0.223,1.8
85,0.223,1.8
86,0.223,1.8
87,0.223,1.8
88,0.223,1.8
89,0.223,1.8
90,0.223,1.8
91,0.266,1.8
92,0.223,1.8
93,0.223,1.8
94,0.266,1.8
95,0.266,1.8
96,0.266,1.8
97,0.266,1.8
98,0.266,1.8
99,0.266,1.8
100,0.266,1.8
101,0.266,1.8
102,0.266,1.8
103,0.266,1.8
104,0.266,1.8
105,0.266,1.8
106,0.266,1.8
107,0.266,1.8
108,0.266,1.8
109,0.266,1.8
110,0.266,1.8
111,0.266,1.8
112,0.266,1.8
113,0.266,1.8
114,0.266,1.8
115,0.266,1.8
116,0.266,1.8
117,0.266,1.8
118,0.266,1.8
119,0.266,1.8
120,0.266,1.8
121,0.266,1.8
122,0.266,1.8
123,0.266,1.8
124,0.266,1.8
125,0.266,1.8
126,0.266,1.8
127,0.266,1.8
128,0.266,1.8
129,0.266,1.8
130,0.266,1.8
131,0.266,1.8
132,0.266,1.8
133,0.266,1.8
134,0.266,1.8
135,0.266,1.8
136,0.266,1.8
137,0.266,1.8
138,0.266,1.8
139,0.266,1.8
140,0.266,1.8
141,0.313,1.8
142,0.266,1.8
143,0.266,1.8
144,0.266,1.8
145,0.313,1.8
146,0.266,1.8
147,0.313,1.8
148,0.266,1.8
149,0.313,1.8
150,0.313,1.8
151,0.313,1.8
152,0.313,1.8
153,0.313,1.8
154,0.313,1.8
155,0.313,1.8
156,0.313,1.8
157,0.313,1.8
158,0.313,1.8
159,0.313,1.8
160,0.313,1.8
161,0.313,1.8
162,0.313,1.8
163,0.313,1.8
164,0.313,1.8
165,0.313,1.8
166,0.313,1.8
167,0.313,1.8
168,0.313,1.8
169,0.313,1.8
170,0.313,1.8
171,0.313,1.8
172,0.313,1.8
173,0.313,1.8
174,0.313,1.8
175,0.313,1.8
176,0.313,1.8
177,0.313,1.8
178,0.313,1.8
179,0.313,1.8
180,0.313,1.8
181,0.313,1.8
182,0.313,1.8
183,0.313,1.8
184,0.313,1.8
185,0.313,1.8
186,0.313,1.8
187,0.313,1.8
188,0.313,1.8
189,0.313,1.8
190,0.313,1.8
191,0.313,1.8
192,0.313,1.8
193,0.313,1.8
194,0.313,1.8
195,0.313,1.8
196,0.313,1.8
197,0.313,1.8
198,0.313,1.8
199,0.313,1.8
200,0.313,1.8
201,0.313,1.8
202,0.313,1.8
203,0.313,1.8
204,0.313,1.8
205,0.313,1.8
206,0.313,1.8
207,0.313,1.8
208,0.313,1.8
209,0.313,1.8
210,0.313,1.8
211,0.313,1.8
212,0.313,1.8
213,0.313,1.8
214,0.313,1.8
215,0.313,1.8
216,0.313,1.8
217,0.313,1.8
218,0.313,1.8
219,0.313,1.8
220,0.313,1.8
221,0.313,1.8
222,0.313,1.8
223,0.313,1.8
224,0.313,1.8
225,0.313,1.8
226,0.313,1.8
227,0.313,1.8
228,0.313,1.8
229,0.313,1.8
230,0.313,1.8
231,0.313,1.8
232,0.313,1.8
233,0.313,1.8
234,0.313,1.8
235,0.313,1.8
236,0.313,1.8
237,0.313,1.8
238,0.313,1.8
239,0.313,1.8
240,0.313,1.8
241,0.313,1.8
242,0.313,1.8
243,0.313,1.8
244,0.356,1.8
245,0.313,1.8
246,0.313,1.8
247,0.313,1.8
248,0.313,1.8
249,0.313,1.8
250,0.313,1.8
251,0.313,1.8
252,0.313,1.8
253,0.313,1.8
254,0.313,1.8
255,0.313,1.8
256,0.313,1.8
257,0.313,1.8
258,0.313,1.8
259,0.313,1.8
260,0.356,1.8
261,0.313,1.8
262,0.313,1.8
263,0.313,1.8
264,0.356,1.8
265,0.356,1.8
266,0.356,1.8
267,0.356,1.8
268,0.356,1.8
269,0.356,1.8
270,0.356,1.8
271,0.356,1.8
272,0.356,1.8
273,0.356,1.8
274,0.356,1.8
275,0.356,1.8
276,0.356,1.8
277,0.356,1.8
278,0.356,1.8
279,0.356,1.8
280,0.356,1.8
281,0.356,1.8
282,0.356,1.8
283,0.356,1.8
284,0.356,1.8
285,0.356,1.8
286,0.356,1.8
287,0.356,1.8
288,0.356,1.8
289,0.356,1.8
290,0.356,1.8
291,0.356,1.8
292,0.356,1.8
293,0.356,1.8
294,0.356,1.8
295,0.356,1.8
296,0.356,1.8
297,0.356,1.8
298,0.356,1.8
299,0.356,1.8
300,0.356,1.8
301,0.356,1.8
302,0.356,1.8
303,0.356,1.8
304,0.356,1.8
305,0.356,1.8
306,0.356,1.8
307,0.356,1.8
308,0.356,1.8
309,0.356,1.8
310,0.356,1.8
311,0.356,1.8
312,0.356,1.8
313,0.356,1.8
314,0.356,1.8
315,0.356,1.8
316,0.356,1.8
317,0.356,1.8
318,0.356,1.8
319,0.356,1.8
320,0.356,1.8
321,0.356,1.8
322,0.356,1.8
323,0.356,1.8
324,0.356,1.8
325,0.356,1.8
326,0.356,1.8
327,0.356,1.8
328,0.356,1.8
329,0.356,1.8
330,0.356,1.8
331,0.356,1.8
332,0.356,1.8
333,0.356,1.8
334,0.356,1.8
335,0.356,1.8
336,0.356,1.8
337,0.356,1.8
338,0.356,1.8
339,0.356,1.8
340,0.356,1.8
341,0.356,1.8
342,0.356,1.8
343,0.356,1.8
344,0.356,1.8
345,0.356,1.8
346,0.356,1.8
347,0.356,1.8
348,0.356,1.8
349,0.356,1.8
350,0.356,1.8
351,0.356,1.8
352,0.356,1.8
353,0.356,1.8
354,0.356,1.8
355,0.356,1.8
356,0.356,1.8
357,0.356,1.8
358,0.356,1.8
359,0.356,1.8
360,0.356,1.8
361,0.356,1.8
362,0.356,1.8
363,0.356,1.8
364,0.356,1.8
365,0.402,1.8
366,0.356,1.8
367,0.356,1.8
368,0.356,1.8
369,0.356,1.8
370,0.356,1.8
371,0.356,1.8
372,0.356,1.8
373,0.356,1.8
374,0.356,1.8
375,0.356,1.8
376,0.356,1.8
377,0.356,1.8
378,0.356,1.8
379,0.356,1.8
380,0.402,1.8
381,0.402,1.8
382,0.402,1.8
383,0.402,1.8
384,0.402,1.8
385,0.402,1.8
386,0.402,1.8
387,0.402,1.8
388,0.402,1.8
389,0.402,1.8
390,0.402,1.8
391,0.402,1.8
392,0.402,1.8
393,0.402,1.8
394,0.402,1.8
395,0.402,1.8
396,0.402,1.8
397,0.402,1.8
398,0.402,1.8
399,0.402,1.8
400,0.402,1.8
401,0.402,1.8
402,0.402,1.8
403,0.402,1.8
404,0.402,1.8
405,0.402,1.8
406,0.402,1.8
407,0.402,1.8
408,0.402,1.8
409,0.402,1.8
410,0.402,1.8
411,0.402,1.8
412,0.402,1.8
413,0.402,1.8
414,0.402,1.8
415,0.402,1.8
416,0.402,1.8
417,0.402,1.8
418,0.402,1.8
419,0.402,1.8
420,0.402,1.8
421,0.402,1.8
422,0.402,1.8
423,0.402,1.8
424,0.402,1.8
425,0.402,1.8
426,0.402,1.8
427,0.402,1.8
428,0.402,1.8
429,0.402,1.8
430,0.402,1.8
431,0.402,1.8
432,0.402,1.8
433,0.402,1.8
434,0.402,1.8
435,0.402,1.8
436,0.402,1.8
437,0.402,1.8
438,0.402,1.8
439,0.402,1.8
440,0.402,1.8
441,0.402,1.8
442,0.402,1.8
443,0.402,1.8
444,0.402,1.8
445,0.402,1.8
446,0.402,1.8
447,0.402,1.8
448,0.402,1.8
449,0.402,1.8
450,0.402,1.8
451,0.402,1.8
452,0.402,1.8
453,0.402,1.8
454,0.445,1.8
455,0.402,1.8
456,0.402,1.8
457,0.402,1.8
458,0.402,1.8
459,0.402,1.8
460,0.402,1.8
461,0.402,1.8
462,0.402,1.8
463,0.402,1.8
464,0.402,1.8
465,0.402,1.8
466,0.402,1.8
467,0.402,1.8
468,0.402,1.8
469,0.402,1.8
470,0.402,1.8
471,0.402,1.8
472,0.402,1.8
473,0.402,1.8
474,0.402,1.8
475,0.402,1.8
476,0.402,1.8
477,0.402,1.8
478,0.402,1.8
479,0.402,1.8
480,0.402,1.8
481,0.445,1.8
482,0.445,1.8
483,0.445,1.8
484,0.445,1.8
485,0.445,1.8
486,0.445,1.8
487,0.445,1.8
488,0.445,1.8
489,0.445,1.8
490,0.445,1.8
491,0.445,1.8
492,0.445,1.8
493,0.445,1.8
494,0.445,1.8
495,0.445,1.8
496,0.445,1.8
497,0.445,1.8
498,0.445,1.8
499,0.445,1.8
500,0.445,1.8
501,0.445,1.8
502,0.445,1.8
503,0.445,1.8
504,0.445,1.8
505,0.445,1.8
506,0.445,1.8
507,0.445,1.8
508,0.445,1.8
509,0.445,1.8
510,0.445,1.8
511,0.445,1.8
512,0.445,1.8
513,0.445,1.8
514,0.445,1.8
515,0.445,1.8
516,0.445,1.8
517,0.445,1.8
518,0.445,1.8
519,0.445,1.8
520,0.445,1.8
521,0.445,1.8
522,0.445,1.8
523,0.445,1.8
524,0.445,1.8
525,0.445,1.8
526,0.445,1.8
527,0.445,1.8
528,0.445,1.8
529,0.445,1.8
530,0.445,1.8
531,0.445,1.8
532,0.445,1.8
533,0.445,1.8
534,0.445,1.8
535,0.445,1.8
536,0.445,1.8
537,0.445,1.8
538,0.445,1.8
539,0.445,1.8
540,0.445,1.8
541,0.445,1.8
542,0.445,1.8
543,0.445,1.8
544,0.445,1.8
545,0.445,1.8
546,0.445,1.8
547,0.445,1.8
548,0.445,1.8
549,0.445,1.8
550,0.445,1.8
551,0.445,1.8
552,0.445,1.8
553,0.445,1.8
554,0.445,1.8
555,0.445,1.8
556,0.445,1.8
557,0.445,1.8
558,0.445,1.8
559,0.445,1.8
560,0.445,1.8
561,0.445,1.8
562,0.445,1.8
563,0.445,1.8
564,0.445,1.8
565,0.445,1.8
566,0.445,1.8
567,0.445,1.8
568,0.445,1.8
569,0.445,1.8
570,0.445,1.8
571,0.492,1.8
572,0.445,1.8
573,0.445,1.8
574,0.445,1.8
575,0.445,1.8
576,0.445,1.8
577,0.445,1.8
578,0.445,1.8
579,0.445,1.8
580,0.445,1.8
581,0.445,1.8
582,0.445,1.8
583,0.445,1.8
584,0.445,1.8
585,0.492,1.8
586,0.445,1.8
587,0.445,1.8
588,0.445,1.8
589,0.445,1.8
590,0.445,1.8
591,0.445,1.8
592,0.445,1.8
593,0.445,1.8
594,0.445,1.8
595,0.445,1.8
596,0.445,1.8
597,0.445,1.8
598,0.445,1.8
599,0.445,1.8
600,0.492,1.8
601,0.492,1.8
602,0.445,1.8
603,0.445,1.8
604,0.445,1.8
605,0.445,1.8
606,0.492,1.8
607,0.492,1.8
608,0.492,1.8
609,0.492,1.8
610,0.445,1.8
611,0.445,1.8
612,0.492,1.8
613,0.492,1.8
614,0.492,1.8
615,0.445,1.8
616,0.492,1.8
617,0.492,1.8
618,0.492,1.8
619,0.492,1.8
620,0.492,1.8
621,0.492,1.8
622,0.492,1.8
623,0.492,1.8
624,0.492,1.8
625,0.492,1.8
626,0.492,1.8
627,0.492,1.8
628,0.492,1.8
629,0.492,1.8
630,0.492,1.8
631,0.492,1.8
632,0.492,1.8
633,0.492,1.8
634,0.492,1.8
635,0.492,1.8
636,0.492,1.8
637,0.492,1.8
638,0.492,1.8
639,0.492,1.8
640,0.492,1.8
641,0.492,1.8
642,0.492,1.8
643,0.492,1.8
644,0.492,1.8
645,0.492,1.8
646,0.492,1.8
647,0.492,1.8
648,0.492,1.8
649,0.492,1.8
650,0.492,1.8
651,0.492,1.8
652,0.492,1.8
653,0.492,1.8
654,0.492,1.8
655,0.492,1.8
656,0.492,1.8
657,0.492,1.8
658,0.492,1.8
659,0.492,1.8
660,0.492,1.8
661,0.492,1.8
662,0.535,1.8
663,0.492,1.8
664,0.492,1.8
665,0.492,1.8
666,0.492,1.8
667,0.492,1.8
668,0.492,1.8
669,0.492,1.8
670,0.492,1.8
671,0.492,1.8
672,0.492,1.8
673,0.492,1.8
674,0.492,1.8
675,0.492,1.8
676,0.492,1.8
677,0.535,1.8
678,0.492,1.8
679,0.492,1.8
680,0.492,1.8
681,0.492,1.8
682,0.492,1.8
683,0.492,1.8
684,0.492,1.8
685,0.492,1.8
686,0.492,1.8
687,0.492,1.8
688,0.492,1.8
689,0.492,1.8
690,0.492,1.8
691,0.535,1.8
692,0.492,1.8
693,0.492,1.8
694,0.492,1.8
695,0.492,1.8
696,0.492,1.8
697,0.492,1.8
698,0.492,1.8
699,0.492,1.8
700,0.492,1.8
701,0.492,1.8
702,0.492,1.8
703,0.492,1.8
704,0.492,1.8
705,0.492,1.8
706,0.535,1.8
707,0.492,1.8
708,0.492,1.8
709,0.492,1.8
710,0.492,1.8
711,0.492,1.8
712,0.492,1.8
713,0.492,1.8
714,0.492,1.8
715,0.492,1.8
716,0.492,1.8
717,0.492,1.8
718,0.492,1.8
719,0.492,1.8
720,0.492,1.8
721,0.492,1.8
722,0.535,1.8
723,0.492,1.8
724,0.492,1.8
725,0.492,1.8
