0,0,0,0,0,0,0,0,0,3.2
0,0.043,0,0,0,0,0,0.043,0.01075,3.18925
0,0.043,0,0,0,0,0.047,0.043,0.016625,3.183375
0,0.043,0.047,0,0,0,0.047,0.043,0.0225,3.1775
0.047,0.043,0.047,0,0,0,0.047,0.043,0.028375,3.171625
0.047,0.043,0.047,0.047,0.047,0,0.047,0.043,0.040125,3.159875
0.047,0.043,0.047,0.047,0.047,0.047,0.047,0.043,0.046,3.154
0.047,0.043,0.047,0.047,0.047,0.047,0.047,0.043,0.046,3.154
0.047,0.09,0.047,0.047,0.047,0.047,0.047,0.043,0.051875,3.148125
0.047,0.09,0.047,0.047,0.047,0.047,0.047,0.09,0.05775,3.14225
0.047,0.09,0.047,0.047,0.047,0.047,0.047,0.09,0.05775,3.14225
0.047,0.09,0.094,0.047,0.047,0.047,0.09,0.09,0.069,3.131
0.047,0.09,0.094,0.047,0.047,0.047,0.09,0.09,0.069,3.131
0.09,0.09,0.094,0.047,0.047,0.047,0.09,0.09,0.074375,3.125625
0.09,0.09,0.094,0.047,0.094,0.047,0.09,0.09,0.08025,3.11975
0.09,0.133,0.094,0.047,0.094,0.047,0.09,0.09,0.085625,3.114375
0.09,0.133,0.137,0.047,0.094,0.047,0.09,0.09,0.091,3.109
0.09,0.133,0.137,0.047,0.094,0.047,0.09,0.09,0.091,3.109
0.09,0.133,0.137,0.09,0.094,0.094,0.09,0.09,0.10225,3.09775
0.09,0.133,0.137,0.09,0.094,0.094,0.09,0.09,0.10225,3.09775
0.09,0.133,0.137,0.09,0.094,0.094,0.09,0.09,0.10225,3.09775
0.09,0.133,0.137,0.09,0.094,0.094,0.09,0.133,0.107625,3.092375
0.09,0.133,0.137,0.09,0.094,0.094,0.137,0.133,0.1135,3.0865
0.09,0.133,0.137,0.09,0.094,0.094,0.137,0.133,0.1135,3.0865
0.09,0.133,0.137,0.09,0.094,0.094,0.137,0.133,0.1135,3.0865
0.09,0.133,0.137,0.09,0.137,0.094,0.137,0.133,0.118875,3.081125
0.09,0.18,0.137,0.09,0.137,0.094,0.137,0.133,0.12475,3.07525
0.09,0.18,0.137,0.09,0.137,0.094,0.137,0.133,0.12475,3.07525
0.09,0.18,0.137,0.137,0.137,0.094,0.137,0.133,0.130625,3.069375
0.137,0.18,0.184,0.137,0.137,0.094,0.137,0.133,0.142375,3.057625
0.137,0.18,0.184,0.137,0.137,0.094,0.137,0.133,0.142375,3.057625
0.09,0.18,0.184,0.137,0.137,0.137,0.137,0.133,0.141875,3.058125
0.137,0.18,0.184,0.137,0.137,0.137,0.137,0.133,0.14775,3.05225
0.137,0.18,0.184,0.137,0.137,0.137,0.137,0.133,0.14775,3.05225
0.137,0.18,0.184,0.137,0.137,0.137,0.137,0.133,0.14775,3.05225
0.137,0.18,0.184,0.137,0.137,0.137,0.137,0.133,0.14775,3.05225
0.137,0.18,0.184,0.137,0.137,0.137,0.137,0.18,0.153625,3.046375
0.137,0.18,0.184,0.137,0.137,0.137,0.18,0.18,0.159,3.041
0.137,0.18,0.184,0.137,0.137,0.137,0.18,0.18,0.159,3.041
0.137,0.18,0.184,0.137,0.184,0.137,0.18,0.18,0.164875,3.035125
0.137,0.18,0.184,0.137,0.137,0.137,0.18,0.18,0.159,3.041
0.137,0.18,0.184,0.137,0.137,0.137,0.18,0.18,0.159,3.041
0.137,0.18,0.184,0.137,0.137,0.137,0.18,0.18,0.159,3.041
0.137,0.223,0.184,0.137,0.184,0.137,0.18,0.18,0.17025,3.02975
0.137,0.223,0.184,0.137,0.184,0.137,0.18,0.18,0.17025,3.02975
0.137,0.223,0.184,0.137,0.184,0.137,0.18,0.18,0.17025,3.02975
0.137,0.223,0.184,0.137,0.184,0.137,0.18,0.18,0.17025,3.02975
0.137,0.223,0.231,0.137,0.184,0.137,0.18,0.18,0.176125,3.023875
0.137,0.223,0.184,0.137,0.184,0.137,0.18,0.18,0.17025,3.02975
0.137,0.223,0.184,0.137,0.184,0.137,0.18,0.18,0.17025,3.02975
0.137,0.223,0.231,0.18,0.184,0.137,0.18,0.18,0.1815,3.0185
0.137,0.223,0.231,0.18,0.184,0.137,0.18,0.18,0.1815,3.0185
0.137,0.223,0.231,0.18,0.184,0.137,0.18,0.18,0.1815,3.0185
0.137,0.223,0.231,0.18,0.184,0.137,0.18,0.18,0.1815,3.0185
0.137,0.223,0.231,0.18,0.184,0.137,0.18,0.18,0.1815,3.0185
0.137,0.223,0.231,0.18,0.184,0.184,0.18,0.18,0.187375,3.012625
0.137,0.223,0.231,0.18,0.184,0.184,0.18,0.18,0.187375,3.012625
0.137,0.223,0.231,0.18,0.184,0.184,0.18,0.18,0.187375,3.012625
0.184,0.223,0.231,0.18,0.184,0.184,0.18,0.18,0.19325,3.00675
0.137,0.223,0.231,0.18,0.184,0.184,0.18,0.223,0.19275,3.00725
0.184,0.223,0.231,0.18,0.184,0.184,0.18,0.223,0.198625,3.001375
0.137,0.223,0.231,0.18,0.184,0.184,0.18,0.18,0.187375,3.012625
0.184,0.223,0.231,0.18,0.184,0.184,0.18,0.223,0.198625,3.001375
0.184,0.223,0.231,0.18,0.184,0.184,0.18,0.223,0.198625,3.001375
0.184,0.223,0.231,0.18,0.184,0.184,0.223,0.223,0.204,2.996
0.184,0.223,0.231,0.18,0.184,0.184,0.223,0.223,0.204,2.996
0.184,0.223,0.231,0.18,0.184,0.184,0.18,0.223,0.198625,3.001375
0.184,0.223,0.231,0.18,0.184,0.184,0.223,0.223,0.204,2.996
0.184,0.266,0.231,0.18,0.184,0.184,0.223,0.223,0.209375,2.990625
0.184,0.266,0.231,0.18,0.231,0.184,0.223,0.223,0.21525,2.98475
0.184,0.266,0.231,0.18,0.184,0.184,0.223,0.223,0.209375,2.990625
0.184,0.266,0.231,0.18,0.231,0.184,0.223,0.223,0.21525,2.98475
0.184,0.266,0.231,0.18,0.231,0.184,0.223,0.223,0.21525,2.98475
0.184,0.266,0.231,0.18,0.231,0.184,0.223,0.223,0.21525,2.98475
0.184,0.266,0.274,0.18,0.231,0.184,0.223,0.223,0.220625,2.979375
0.184,0.266,0.274,0.18,0.231,0.184,0.223,0.223,0.220625,2.979375
0.184,0.266,0.274,0.18,0.231,0.184,0.223,0.223,0.220625,2.979375
0.184,0.266,0.274,0.18,0.231,0.184,0.223,0.223,0.220625,2.979375
0.184,0.266,0.274,0.223,0.231,0.184,0.223,0.223,0.226,2.974
0.184,0.266,0.274,0.223,0.231,0.184,0.223,0.223,0.226,2.974
0.184,0.266,0.274,0.223,0.231,0.184,0.223,0.223,0.226,2.974
0.184,0.266,0.274,0.223,0.231,0.184,0.223,0.223,0.226,2.974
0.184,0.266,0.274,0.223,0.231,0.184,0.223,0.223,0.226,2.974
0.184,0.266,0.274,0.223,0.231,0.184,0.223,0.223,0.226,2.974
0.184,0.266,0.274,0.223,0.231,0.184,0.223,0.223,0.226,2.974
0.184,0.266,0.274,0.223,0.231,0.231,0.223,0.223,0.231875,2.968125
0.184,0.266,0.274,0.223,0.231,0.231,0.223,0.223,0.231875,2.968125
0.184,0.266,0.274,0.223,0.231,0.231,0.223,0.223,0.231875,2.968125
0.184,0.266,0.274,0.223,0.231,0.231,0.223,0.223,0.231875,2.968125
0.227,0.266,0.274,0.223,0.231,0.231,0.223,0.223,0.23725,2.96275
0.184,0.266,0.274,0.223,0.231,0.231,0.223,0.266,0.23725,2.96275
0.184,0.266,0.274,0.223,0.231,0.231,0.223,0.223,0.231875,2.968125
0.184,0.266,0.274,0.223,0.231,0.231,0.223,0.223,0.231875,2.968125
0.184,0.266,0.274,0.223,0.231,0.231,0.223,0.266,0.23725,2.96275
0.184,0.266,0.274,0.223,0.231,0.231,0.27,0.266,0.243125,2.956875
0.227,0.313,0.274,0.223,0.231,0.231,0.223,0.266,0.2485,2.9515
0.227,0.266,0.274,0.223,0.231,0.231,0.223,0.266,0.242625,2.957375
0.227,0.266,0.274,0.223,0.231,0.231,0.223,0.266,0.242625,2.957375
0.227,0.266,0.274,0.223,0.231,0.231,0.223,0.266,0.242625,2.957375
0.227,0.266,0.274,0.223,0.231,0.231,0.223,0.266,0.242625,2.957375
0.227,0.266,0.274,0.223,0.231,0.231,0.223,0.266,0.242625,2.957375
0.227,0.266,0.274,0.223,0.231,0.231,0.27,0.266,0.2485,2.9515
0.227,0.266,0.274,0.223,0.231,0.231,0.27,0.266,0.2485,2.9515
0.227,0.266,0.274,0.223,0.231,0.231,0.27,0.266,0.2485,2.9515
0.227,0.266,0.274,0.223,0.231,0.231,0.27,0.266,0.2485,2.9515
0.227,0.266,0.274,0.223,0.231,0.231,0.27,0.266,0.2485,2.9515
0.227,0.266,0.274,0.223,0.231,0.231,0.27,0.266,0.2485,2.9515
0.227,0.266,0.274,0.223,0.231,0.231,0.27,0.266,0.2485,2.9515
0.227,0.266,0.274,0.223,0.231,0.231,0.27,0.266,0.2485,2.9515
0.227,0.266,0.274,0.223,0.231,0.231,0.27,0.266,0.2485,2.9515
0.227,0.313,0.274,0.223,0.231,0.231,0.27,0.266,0.254375,2.945625
0.227,0.313,0.274,0.223,0.274,0.231,0.27,0.266,0.25975,2.94025
0.227,0.313,0.274,0.223,0.231,0.231,0.27,0.266,0.254375,2.945625
0.227,0.313,0.321,0.223,0.231,0.231,0.27,0.266,0.26025,2.93975
0.227,0.313,0.274,0.27,0.274,0.231,0.27,0.266,0.265625,2.934375
0.227,0.313,0.321,0.223,0.274,0.231,0.27,0.266,0.265625,2.934375
0.227,0.313,0.274,0.223,0.274,0.231,0.27,0.266,0.25975,2.94025
0.227,0.313,0.274,0.223,0.274,0.231,0.27,0.266,0.25975,2.94025
0.227,0.313,0.274,0.223,0.274,0.231,0.27,0.266,0.25975,2.94025
0.227,0.313,0.321,0.223,0.274,0.231,0.27,0.266,0.265625,2.934375
0.227,0.313,0.274,0.223,0.274,0.231,0.27,0.266,0.25975,2.94025
0.227,0.313,0.274,0.27,0.274,0.231,0.27,0.266,0.265625,2.934375
0.227,0.313,0.321,0.27,0.274,0.231,0.27,0.266,0.2715,2.9285
0.227,0.313,0.274,0.27,0.274,0.231,0.27,0.266,0.265625,2.934375
0.227,0.313,0.321,0.27,0.274,0.231,0.27,0.266,0.2715,2.9285
0.227,0.313,0.321,0.27,0.274,0.231,0.27,0.266,0.2715,2.9285
0.227,0.313,0.321,0.27,0.274,0.231,0.27,0.266,0.2715,2.9285
0.227,0.313,0.321,0.27,0.274,0.231,0.27,0.266,0.2715,2.9285
0.227,0.313,0.321,0.27,0.274,0.231,0.27,0.266,0.2715,2.9285
0.227,0.313,0.321,0.27,0.274,0.231,0.27,0.266,0.2715,2.9285
0.227,0.313,0.321,0.27,0.274,0.231,0.27,0.266,0.2715,2.9285
0.227,0.313,0.321,0.27,0.274,0.274,0.27,0.266,0.276875,2.923125
0.227,0.313,0.321,0.27,0.274,0.231,0.27,0.266,0.2715,2.9285
0.227,0.313,0.321,0.27,0.274,0.231,0.27,0.266,0.2715,2.9285
0.227,0.313,0.321,0.27,0.274,0.231,0.27,0.266,0.2715,2.9285
0.227,0.313,0.321,0.27,0.274,0.231,0.27,0.266,0.2715,2.9285
0.227,0.313,0.321,0.27,0.274,0.231,0.27,0.266,0.2715,2.9285
0.227,0.313,0.321,0.27,0.274,0.231,0.27,0.266,0.2715,2.9285
0.227,0.313,0.321,0.27,0.274,0.231,0.27,0.266,0.2715,2.9285
0.227,0.313,0.321,0.27,0.274,0.231,0.27,0.266,0.2715,2.9285
0.227,0.313,0.321,0.27,0.274,0.231,0.27,0.313,0.277375,2.922625
0.227,0.313,0.321,0.27,0.274,0.274,0.27,0.266,0.276875,2.923125
0.227,0.313,0.321,0.27,0.274,0.274,0.27,0.266,0.276875,2.923125
0.227,0.313,0.321,0.27,0.274,0.274,0.27,0.266,0.276875,2.923125
0.227,0.313,0.321,0.27,0.274,0.274,0.27,0.313,0.28275,2.91725
0.227,0.313,0.321,0.27,0.274,0.274,0.27,0.266,0.276875,2.923125
0.227,0.313,0.321,0.27,0.274,0.274,0.27,0.313,0.28275,2.91725
0.227,0.313,0.321,0.27,0.274,0.274,0.27,0.266,0.276875,2.923125
0.227,0.313,0.321,0.27,0.274,0.274,0.27,0.313,0.28275,2.91725
0.274,0.313,0.321,0.27,0.274,0.274,0.27,0.313,0.288625,2.911375
0.227,0.313,0.321,0.27,0.274,0.274,0.27,0.313,0.28275,2.91725
0.227,0.313,0.321,0.27,0.274,0.274,0.27,0.313,0.28275,2.91725
0.227,0.313,0.321,0.27,0.274,0.274,0.27,0.313,0.28275,2.91725
0.227,0.313,0.321,0.27,0.274,0.274,0.27,0.313,0.28275,2.91725
0.274,0.313,0.321,0.27,0.274,0.274,0.27,0.313,0.288625,2.911375
0.227,0.313,0.321,0.27,0.274,0.274,0.27,0.313,0.28275,2.91725
0.227,0.313,0.321,0.27,0.274,0.274,0.27,0.313,0.28275,2.91725
0.227,0.313,0.321,0.27,0.274,0.274,0.27,0.313,0.28275,2.91725
0.227,0.313,0.321,0.27,0.274,0.274,0.27,0.313,0.28275,2.91725
0.274,0.313,0.321,0.27,0.274,0.274,0.27,0.313,0.288625,2.911375
0.227,0.313,0.321,0.27,0.274,0.274,0.27,0.313,0.28275,2.91725
0.227,0.313,0.321,0.27,0.274,0.274,0.27,0.313,0.28275,2.91725
0.227,0.313,0.321,0.27,0.274,0.274,0.27,0.313,0.28275,2.91725
0.227,0.313,0.321,0.27,0.274,0.274,0.27,0.313,0.28275,2.91725
0.227,0.313,0.321,0.27,0.274,0.274,0.27,0.313,0.28275,2.91725
0.227,0.313,0.321,0.27,0.274,0.274,0.27,0.313,0.28275,2.91725
0.227,0.313,0.321,0.27,0.274,0.274,0.27,0.313,0.28275,2.91725
0.227,0.313,0.321,0.313,0.274,0.274,0.27,0.313,0.288125,2.911875
0.227,0.313,0.321,0.27,0.274,0.274,0.27,0.313,0.28275,2.91725
0.227,0.313,0.321,0.27,0.274,0.274,0.27,0.313,0.28275,2.91725
0.274,0.313,0.321,0.27,0.274,0.274,0.27,0.313,0.288625,2.911375
0.274,0.313,0.321,0.27,0.274,0.274,0.27,0.313,0.288625,2.911375
0.227,0.313,0.321,0.27,0.274,0.274,0.27,0.313,0.28275,2.91725
0.227,0.313,0.321,0.27,0.274,0.274,0.27,0.313,0.28275,2.91725
0.227,0.313,0.321,0.27,0.274,0.274,0.27,0.313,0.28275,2.91725
0.227,0.313,0.321,0.27,0.274,0.274,0.27,0.313,0.28275,2.91725
0.227,0.313,0.321,0.27,0.274,0.274,0.27,0.313,0.28275,2.91725
0.227,0.313,0.321,0.27,0.274,0.274,0.27,0.313,0.28275,2.91725
0.227,0.313,0.321,0.27,0.274,0.274,0.27,0.313,0.28275,2.91725
0.274,0.313,0.321,0.27,0.274,0.274,0.27,0.313,0.288625,2.911375
0.274,0.313,0.321,0.27,0.274,0.274,0.27,0.313,0.288625,2.911375
0.274,0.313,0.321,0.27,0.274,0.274,0.27,0.313,0.288625,2.911375
0.274,0.313,0.321,0.27,0.274,0.274,0.27,0.313,0.288625,2.911375
0.274,0.313,0.321,0.27,0.274,0.274,0.27,0.313,0.288625,2.911375
0.274,0.313,0.321,0.27,0.274,0.274,0.27,0.313,0.288625,2.911375
0.274,0.356,0.321,0.27,0.274,0.274,0.27,0.313,0.294,2.906
0.274,0.356,0.321,0.27,0.274,0.274,0.27,0.313,0.294,2.906
0.274,0.313,0.321,0.27,0.274,0.274,0.27,0.313,0.288625,2.911375
0.274,0.313,0.321,0.313,0.274,0.274,0.27,0.313,0.294,2.906
0.274,0.313,0.321,0.27,0.274,0.274,0.27,0.313,0.288625,2.911375
0.274,0.356,0.321,0.27,0.274,0.274,0.27,0.313,0.294,2.906
0.274,0.313,0.321,0.27,0.274,0.274,0.27,0.313,0.288625,2.911375
0.274,0.313,0.321,0.27,0.274,0.274,0.27,0.313,0.288625,2.911375
0.274,0.313,0.321,0.313,0.274,0.274,0.27,0.313,0.294,2.906
0.274,0.313,0.321,0.27,0.274,0.274,0.27,0.313,0.288625,2.911375
0.274,0.356,0.321,0.27,0.274,0.274,0.27,0.313,0.294,2.906
0.274,0.313,0.321,0.313,0.274,0.274,0.27,0.313,0.294,2.906
0.274,0.313,0.321,0.27,0.274,0.274,0.27,0.313,0.288625,2.911375
0.274,0.313,0.321,0.313,0.274,0.274,0.27,0.313,0.294,2.906
0.274,0.313,0.321,0.313,0.321,0.274,0.27,0.313,0.299875,2.900125
0.274,0.313,0.321,0.313,0.321,0.274,0.27,0.313,0.299875,2.900125
0.274,0.313,0.321,0.313,0.321,0.274,0.27,0.313,0.299875,2.900125
0.274,0.356,0.321,0.313,0.321,0.274,0.313,0.313,0.310625,2.889375
0.274,0.356,0.321,0.313,0.274,0.274,0.27,0.313,0.299375,2.900625
0.274,0.356,0.321,0.313,0.274,0.274,0.27,0.313,0.299375,2.900625
0.274,0.356,0.321,0.313,0.321,0.274,0.27,0.313,0.30525,2.89475
0.274,0.356,0.321,0.313,0.274,0.274,0.27,0.313,0.299375,2.900625
0.274,0.356,0.321,0.313,0.321,0.274,0.313,0.313,0.310625,2.889375
0.274,0.356,0.321,0.313,0.274,0.274,0.27,0.313,0.299375,2.900625
0.274,0.356,0.368,0.313,0.321,0.274,0.313,0.313,0.3165,2.8835
0.274,0.356,0.321,0.313,0.274,0.274,0.313,0.313,0.30475,2.89525
0.274,0.356,0.321,0.313,0.321,0.274,0.313,0.313,0.310625,2.889375
0.274,0.356,0.321,0.313,0.274,0.274,0.313,0.313,0.30475,2.89525
0.274,0.356,0.321,0.313,0.321,0.274,0.313,0.313,0.310625,2.889375
0.274,0.356,0.368,0.313,0.274,0.274,0.313,0.313,0.310625,2.889375
0.274,0.356,0.368,0.313,0.321,0.274,0.313,0.313,0.3165,2.8835
0.274,0.356,0.321,0.313,0.321,0.274,0.313,0.313,0.310625,2.889375
0.274,0.356,0.321,0.313,0.321,0.274,0.313,0.313,0.310625,2.889375
0.274,0.356,0.321,0.313,0.321,0.274,0.313,0.313,0.310625,2.889375
0.274,0.356,0.321,0.313,0.321,0.274,0.313,0.313,0.310625,2.889375
0.274,0.356,0.321,0.313,0.321,0.274,0.313,0.313,0.310625,2.889375
0.274,0.356,0.368,0.313,0.321,0.274,0.313,0.313,0.3165,2.8835
0.274,0.356,0.321,0.313,0.321,0.274,0.313,0.313,0.310625,2.889375
0.274,0.356,0.321,0.313,0.321,0.274,0.313,0.313,0.310625,2.889375
0.274,0.356,0.368,0.313,0.321,0.274,0.313,0.313,0.3165,2.8835
0.274,0.356,0.368,0.313,0.321,0.274,0.313,0.313,0.3165,2.8835
0.274,0.356,0.368,0.313,0.321,0.274,0.313,0.313,0.3165,2.8835
0.274,0.356,0.368,0.313,0.321,0.274,0.313,0.313,0.3165,2.8835
0.274,0.356,0.368,0.313,0.321,0.274,0.313,0.313,0.3165,2.8835
0.274,0.356,0.368,0.313,0.321,0.274,0.313,0.313,0.3165,2.8835
0.274,0.356,0.368,0.313,0.321,0.274,0.313,0.313,0.3165,2.8835
0.274,0.356,0.368,0.313,0.321,0.274,0.313,0.313,0.3165,2.8835
0.274,0.356,0.368,0.313,0.321,0.274,0.313,0.313,0.3165,2.8835
0.274,0.356,0.368,0.313,0.321,0.274,0.313,0.313,0.3165,2.8835
0.274,0.356,0.368,0.313,0.321,0.274,0.313,0.313,0.3165,2.8835
0.274,0.356,0.368,0.313,0.321,0.274,0.313,0.313,0.3165,2.8835
0.274,0.356,0.368,0.313,0.321,0.274,0.313,0.313,0.3165,2.8835
0.274,0.356,0.368,0.313,0.321,0.274,0.313,0.313,0.3165,2.8835
0.274,0.356,0.368,0.313,0.321,0.274,0.313,0.313,0.3165,2.8835
0.274,0.356,0.368,0.313,0.321,0.274,0.313,0.313,0.3165,2.8835
0.274,0.356,0.368,0.313,0.321,0.274,0.313,0.313,0.3165,2.8835
0.274,0.356,0.368,0.313,0.321,0.274,0.313,0.313,0.3165,2.8835
0.274,0.356,0.368,0.313,0.321,0.274,0.313,0.313,0.3165,2.8835
0.274,0.356,0.368,0.313,0.321,0.274,0.313,0.356,0.321875,2.878125
0.274,0.356,0.368,0.313,0.321,0.274,0.313,0.313,0.3165,2.8835
0.274,0.356,0.368,0.313,0.321,0.274,0.313,0.313,0.3165,2.8835
0.274,0.356,0.368,0.313,0.321,0.274,0.313,0.313,0.3165,2.8835
0.274,0.356,0.368,0.313,0.321,0.274,0.313,0.313,0.3165,2.8835
0.274,0.356,0.368,0.313,0.321,0.321,0.313,0.313,0.322375,2.877625
0.274,0.356,0.368,0.313,0.321,0.274,0.313,0.313,0.3165,2.8835
0.274,0.356,0.368,0.313,0.321,0.274,0.313,0.313,0.3165,2.8835
0.274,0.356,0.368,0.313,0.321,0.274,0.313,0.313,0.3165,2.8835
0.274,0.356,0.368,0.313,0.321,0.274,0.313,0.313,0.3165,2.8835
0.274,0.356,0.368,0.313,0.321,0.274,0.313,0.313,0.3165,2.8835
0.274,0.356,0.368,0.313,0.321,0.274,0.313,0.313,0.3165,2.8835
0.274,0.356,0.368,0.313,0.321,0.274,0.313,0.313,0.3165,2.8835
0.274,0.356,0.368,0.313,0.321,0.274,0.313,0.313,0.3165,2.8835
0.274,0.356,0.368,0.313,0.321,0.274,0.313,0.313,0.3165,2.8835
0.274,0.356,0.368,0.313,0.321,0.321,0.313,0.313,0.322375,2.877625
0.274,0.356,0.368,0.313,0.321,0.274,0.313,0.356,0.321875,2.878125
0.274,0.356,0.368,0.313,0.321,0.321,0.313,0.313,0.322375,2.877625
0.274,0.356,0.368,0.313,0.321,0.321,0.313,0.313,0.322375,2.877625
0.274,0.356,0.368,0.313,0.321,0.274,0.313,0.313,0.3165,2.8835
0.274,0.356,0.368,0.313,0.321,0.321,0.313,0.356,0.32775,2.87225
0.274,0.356,0.368,0.313,0.321,0.321,0.313,0.356,0.32775,2.87225
0.274,0.356,0.368,0.313,0.321,0.321,0.313,0.356,0.32775,2.87225
0.274,0.356,0.368,0.313,0.321,0.321,0.313,0.356,0.32775,2.87225
0.274,0.356,0.368,0.359,0.321,0.321,0.313,0.356,0.3335,2.8665
0.274,0.356,0.368,0.313,0.321,0.321,0.313,0.356,0.32775,2.87225
0.274,0.356,0.368,0.313,0.321,0.321,0.313,0.356,0.32775,2.87225
0.274,0.356,0.368,0.313,0.321,0.321,0.313,0.356,0.32775,2.87225
0.274,0.356,0.368,0.359,0.321,0.321,0.313,0.356,0.3335,2.8665
0.274,0.356,0.368,0.313,0.321,0.321,0.313,0.356,0.32775,2.87225
0.274,0.356,0.368,0.313,0.321,0.321,0.313,0.356,0.32775,2.87225
0.274,0.356,0.368,0.313,0.321,0.321,0.313,0.356,0.32775,2.87225
0.274,0.356,0.368,0.359,0.321,0.321,0.313,0.356,0.3335,2.8665
0.274,0.356,0.368,0.313,0.321,0.321,0.313,0.356,0.32775,2.87225
0.274,0.356,0.368,0.313,0.321,0.321,0.313,0.356,0.32775,2.87225
0.274,0.356,0.368,0.359,0.321,0.321,0.313,0.356,0.3335,2.8665
0.274,0.356,0.368,0.313,0.321,0.321,0.313,0.356,0.32775,2.87225
0.274,0.356,0.368,0.313,0.321,0.321,0.313,0.356,0.32775,2.87225
0.274,0.356,0.368,0.313,0.321,0.321,0.313,0.356,0.32775,2.87225
0.274,0.356,0.368,0.313,0.321,0.321,0.313,0.356,0.32775,2.87225
0.274,0.356,0.368,0.359,0.321,0.321,0.313,0.356,0.3335,2.8665
0.274,0.356,0.368,0.359,0.321,0.321,0.313,0.356,0.3335,2.8665
0.274,0.356,0.368,0.359,0.321,0.321,0.313,0.356,0.3335,2.8665
0.274,0.356,0.368,0.359,0.321,0.321,0.313,0.356,0.3335,2.8665
0.274,0.356,0.368,0.359,0.321,0.321,0.313,0.356,0.3335,2.8665
0.274,0.356,0.368,0.359,0.321,0.321,0.313,0.356,0.3335,2.8665
0.274,0.356,0.368,0.359,0.321,0.321,0.313,0.356,0.3335,2.8665
0.274,0.356,0.368,0.359,0.321,0.321,0.313,0.356,0.3335,2.8665
0.274,0.356,0.368,0.359,0.321,0.321,0.313,0.356,0.3335,2.8665
0.321,0.356,0.368,0.359,0.321,0.321,0.313,0.356,0.339375,2.860625
0.321,0.356,0.368,0.359,0.321,0.321,0.313,0.356,0.339375,2.860625
0.321,0.356,0.368,0.359,0.321,0.321,0.313,0.356,0.339375,2.860625
0.321,0.356,0.368,0.359,0.321,0.321,0.313,0.356,0.339375,2.860625
0.321,0.402,0.368,0.359,0.321,0.321,0.313,0.356,0.345125,2.854875
0.321,0.356,0.368,0.359,0.321,0.321,0.313,0.356,0.339375,2.860625
0.321,0.356,0.368,0.359,0.321,0.321,0.359,0.356,0.345125,2.854875
0.321,0.356,0.368,0.359,0.321,0.321,0.313,0.356,0.339375,2.860625
0.321,0.356,0.368,0.359,0.321,0.321,0.313,0.356,0.339375,2.860625
0.321,0.356,0.368,0.359,0.321,0.321,0.313,0.356,0.339375,2.860625
0.321,0.356,0.368,0.359,0.321,0.321,0.313,0.356,0.339375,2.860625
0.321,0.356,0.368,0.359,0.321,0.321,0.313,0.356,0.339375,2.860625
0.321,0.402,0.411,0.359,0.321,0.321,0.313,0.356,0.3505,2.8495
0.321,0.356,0.368,0.359,0.321,0.321,0.313,0.356,0.339375,2.860625
0.321,0.356,0.368,0.359,0.321,0.321,0.313,0.356,0.339375,2.860625
0.321,0.356,0.368,0.359,0.321,0.321,0.359,0.356,0.345125,2.854875
0.321,0.356,0.368,0.359,0.321,0.321,0.313,0.356,0.339375,2.860625
0.321,0.356,0.368,0.359,0.321,0.321,0.313,0.356,0.339375,2.860625
0.321,0.356,0.368,0.359,0.321,0.321,0.313,0.356,0.339375,2.860625
0.321,0.402,0.411,0.359,0.321,0.321,0.313,0.356,0.3505,2.8495
0.321,0.356,0.368,0.359,0.321,0.321,0.313,0.356,0.339375,2.860625
0.321,0.356,0.368,0.359,0.321,0.321,0.313,0.356,0.339375,2.860625
0.321,0.356,0.368,0.359,0.321,0.321,0.313,0.356,0.339375,2.860625
0.321,0.356,0.368,0.359,0.321,0.321,0.313,0.356,0.339375,2.860625
0.321,0.356,0.411,0.359,0.321,0.321,0.313,0.356,0.34475,2.85525
0.321,0.356,0.411,0.359,0.321,0.321,0.313,0.356,0.34475,2.85525
0.321,0.356,0.411,0.359,0.368,0.321,0.313,0.356,0.350625,2.849375
0.321,0.402,0.368,0.359,0.321,0.321,0.313,0.356,0.345125,2.854875
0.321,0.402,0.411,0.359,0.368,0.321,0.313,0.356,0.356375,2.843625
0.321,0.402,0.411,0.359,0.321,0.321,0.313,0.356,0.3505,2.8495
0.321,0.402,0.411,0.359,0.321,0.321,0.313,0.356,0.3505,2.8495
0.321,0.402,0.411,0.359,0.321,0.321,0.359,0.356,0.35625,2.84375
0.321,0.402,0.411,0.359,0.368,0.321,0.359,0.356,0.362125,2.837875
0.321,0.402,0.411,0.359,0.321,0.321,0.359,0.356,0.35625,2.84375
0.321,0.402,0.411,0.359,0.368,0.321,0.359,0.356,0.362125,2.837875
0.321,0.402,0.411,0.359,0.321,0.321,0.359,0.356,0.35625,2.84375
0.321,0.402,0.411,0.359,0.321,0.321,0.359,0.356,0.35625,2.84375
0.321,0.402,0.411,0.359,0.321,0.321,0.359,0.356,0.35625,2.84375
0.321,0.402,0.411,0.359,0.368,0.321,0.359,0.356,0.362125,2.837875
0.321,0.402,0.411,0.359,0.321,0.321,0.359,0.356,0.35625,2.84375
0.321,0.402,0.411,0.359,0.368,0.321,0.359,0.356,0.362125,2.837875
0.321,0.402,0.411,0.359,0.321,0.321,0.359,0.356,0.35625,2.84375
0.321,0.402,0.411,0.359,0.368,0.321,0.359,0.356,0.362125,2.837875
0.321,0.402,0.411,0.359,0.321,0.321,0.359,0.356,0.35625,2.84375
0.321,0.402,0.411,0.359,0.368,0.321,0.359,0.356,0.362125,2.837875
0.321,0.402,0.411,0.359,0.368,0.321,0.359,0.356,0.362125,2.837875
0.321,0.402,0.411,0.359,0.368,0.321,0.359,0.356,0.362125,2.837875
0.321,0.402,0.411,0.359,0.368,0.321,0.359,0.356,0.362125,2.837875
0.321,0.402,0.411,0.359,0.368,0.321,0.359,0.356,0.362125,2.837875
0.321,0.402,0.411,0.359,0.368,0.321,0.359,0.356,0.362125,2.837875
0.321,0.402,0.411,0.359,0.368,0.321,0.359,0.356,0.362125,2.837875
0.321,0.402,0.411,0.359,0.368,0.321,0.359,0.356,0.362125,2.837875
0.321,0.402,0.411,0.359,0.368,0.321,0.359,0.356,0.362125,2.837875
0.321,0.402,0.411,0.402,0.368,0.321,0.359,0.356,0.3675,2.8325
0.321,0.402,0.411,0.359,0.368,0.321,0.359,0.356,0.362125,2.837875
0.321,0.402,0.411,0.359,0.368,0.321,0.359,0.356,0.362125,2.837875
0.321,0.402,0.411,0.359,0.368,0.321,0.359,0.356,0.362125,2.837875
0.321,0.402,0.411,0.359,0.368,0.321,0.359,0.356,0.362125,2.837875
0.321,0.402,0.411,0.402,0.368,0.321,0.359,0.356,0.3675,2.8325
0.321,0.402,0.411,0.359,0.368,0.321,0.359,0.356,0.362125,2.837875
0.321,0.402,0.411,0.359,0.368,0.321,0.359,0.356,0.362125,2.837875
0.321,0.402,0.411,0.359,0.368,0.321,0.359,0.356,0.362125,2.837875
0.321,0.402,0.411,0.402,0.368,0.321,0.359,0.356,0.3675,2.8325
0.321,0.402,0.411,0.359,0.368,0.321,0.359,0.356,0.362125,2.837875
0.321,0.402,0.411,0.359,0.368,0.321,0.359,0.356,0.362125,2.837875
0.321,0.402,0.411,0.359,0.368,0.321,0.359,0.356,0.362125,2.837875
0.321,0.402,0.411,0.359,0.368,0.321,0.359,0.356,0.362125,2.837875
0.321,0.402,0.411,0.402,0.368,0.321,0.359,0.356,0.3675,2.8325
0.321,0.402,0.411,0.359,0.368,0.321,0.359,0.356,0.362125,2.837875
0.321,0.402,0.411,0.359,0.368,0.321,0.359,0.356,0.362125,2.837875
0.321,0.402,0.411,0.402,0.368,0.321,0.359,0.356,0.3675,2.8325
0.321,0.402,0.411,0.359,0.368,0.321,0.359,0.356,0.362125,2.837875
0.321,0.402,0.411,0.359,0.368,0.321,0.359,0.402,0.367875,2.832125
0.321,0.402,0.411,0.359,0.368,0.321,0.359,0.356,0.362125,2.837875
0.321,0.402,0.411,0.359,0.368,0.321,0.359,0.356,0.362125,2.837875
0.321,0.402,0.411,0.359,0.368,0.321,0.359,0.356,0.362125,2.837875
0.321,0.402,0.411,0.402,0.368,0.321,0.359,0.356,0.3675,2.8325
0.321,0.402,0.411,0.359,0.368,0.321,0.359,0.356,0.362125,2.837875
0.321,0.402,0.411,0.402,0.368,0.321,0.359,0.356,0.3675,2.8325
0.321,0.402,0.411,0.402,0.368,0.321,0.359,0.356,0.3675,2.8325
0.321,0.402,0.411,0.402,0.368,0.321,0.359,0.356,0.3675,2.8325
0.321,0.402,0.411,0.402,0.368,0.321,0.359,0.356,0.3675,2.8325
0.321,0.402,0.411,0.402,0.368,0.321,0.359,0.356,0.3675,2.8325
0.321,0.402,0.411,0.402,0.368,0.321,0.359,0.356,0.3675,2.8325
0.321,0.402,0.411,0.402,0.368,0.321,0.359,0.356,0.3675,2.8325
0.321,0.402,0.411,0.402,0.368,0.321,0.359,0.356,0.3675,2.8325
0.321,0.402,0.458,0.402,0.368,0.321,0.359,0.356,0.373375,2.826625
0.321,0.402,0.411,0.402,0.368,0.321,0.359,0.402,0.37325,2.82675
0.321,0.402,0.411,0.402,0.368,0.321,0.359,0.402,0.37325,2.82675
0.321,0.402,0.411,0.402,0.368,0.321,0.359,0.402,0.37325,2.82675
0.321,0.402,0.411,0.402,0.368,0.321,0.359,0.402,0.37325,2.82675
0.321,0.402,0.411,0.402,0.368,0.321,0.359,0.402,0.37325,2.82675
0.321,0.402,0.411,0.402,0.368,0.321,0.359,0.402,0.37325,2.82675
0.321,0.402,0.458,0.402,0.368,0.321,0.359,0.402,0.379125,2.820875
0.321,0.402,0.411,0.402,0.368,0.321,0.359,0.402,0.37325,2.82675
0.321,0.402,0.411,0.402,0.368,0.368,0.359,0.402,0.379125,2.820875
0.321,0.402,0.411,0.402,0.368,0.321,0.359,0.402,0.37325,2.82675
0.321,0.402,0.411,0.402,0.368,0.321,0.359,0.402,0.37325,2.82675
0.321,0.402,0.411,0.402,0.368,0.321,0.359,0.402,0.37325,2.82675
0.321,0.402,0.411,0.402,0.368,0.321,0.359,0.402,0.37325,2.82675
0.321,0.402,0.411,0.402,0.368,0.321,0.359,0.402,0.37325,2.82675
0.321,0.402,0.411,0.402,0.368,0.321,0.359,0.402,0.37325,2.82675
0.321,0.402,0.411,0.402,0.368,0.321,0.359,0.402,0.37325,2.82675
0.321,0.445,0.411,0.402,0.368,0.321,0.359,0.402,0.378625,2.821375
0.321,0.402,0.411,0.402,0.368,0.321,0.359,0.402,0.37325,2.82675
0.321,0.402,0.411,0.402,0.368,0.321,0.359,0.402,0.37325,2.82675
0.321,0.402,0.411,0.402,0.368,0.321,0.359,0.402,0.37325,2.82675
0.321,0.402,0.411,0.402,0.368,0.321,0.359,0.402,0.37325,2.82675
0.321,0.402,0.411,0.402,0.368,0.321,0.359,0.402,0.37325,2.82675
0.321,0.402,0.411,0.402,0.368,0.321,0.402,0.402,0.378625,2.821375
0.321,0.402,0.458,0.402,0.368,0.368,0.359,0.402,0.385,2.815
0.321,0.445,0.411,0.402,0.368,0.368,0.359,0.402,0.3845,2.8155
0.321,0.402,0.411,0.402,0.368,0.368,0.359,0.402,0.379125,2.820875
0.321,0.402,0.411,0.402,0.368,0.368,0.359,0.402,0.379125,2.820875
0.321,0.402,0.411,0.402,0.368,0.321,0.359,0.402,0.37325,2.82675
0.321,0.402,0.411,0.402,0.368,0.368,0.359,0.402,0.379125,2.820875
0.321,0.402,0.458,0.402,0.368,0.368,0.359,0.402,0.385,2.815
0.321,0.402,0.411,0.402,0.368,0.368,0.359,0.402,0.379125,2.820875
0.321,0.445,0.411,0.402,0.368,0.368,0.359,0.402,0.3845,2.8155
0.321,0.402,0.411,0.402,0.368,0.368,0.359,0.402,0.379125,2.820875
0.321,0.402,0.411,0.402,0.368,0.368,0.359,0.402,0.379125,2.820875
0.321,0.402,0.458,0.402,0.368,0.368,0.359,0.402,0.385,2.815
0.321,0.402,0.458,0.402,0.368,0.368,0.359,0.402,0.385,2.815
0.321,0.402,0.458,0.402,0.368,0.368,0.359,0.402,0.385,2.815
0.321,0.402,0.458,0.402,0.368,0.368,0.359,0.402,0.385,2.815
0.364,0.402,0.411,0.402,0.368,0.368,0.359,0.402,0.3845,2.8155
0.321,0.445,0.458,0.402,0.368,0.368,0.359,0.402,0.390375,2.809625
0.321,0.402,0.458,0.402,0.368,0.368,0.359,0.402,0.385,2.815
0.321,0.402,0.458,0.402,0.368,0.368,0.359,0.402,0.385,2.815
0.364,0.402,0.458,0.402,0.368,0.368,0.359,0.402,0.390375,2.809625
0.364,0.402,0.458,0.402,0.368,0.368,0.359,0.402,0.390375,2.809625
0.364,0.402,0.458,0.402,0.368,0.368,0.359,0.402,0.390375,2.809625
0.364,0.402,0.458,0.402,0.368,0.368,0.359,0.402,0.390375,2.809625
0.364,0.402,0.458,0.402,0.411,0.368,0.359,0.402,0.39575,2.80425
0.364,0.445,0.458,0.402,0.368,0.368,0.359,0.402,0.39575,2.80425
0.364,0.445,0.458,0.449,0.411,0.368,0.359,0.402,0.407,2.793
0.364,0.402,0.458,0.402,0.368,0.368,0.359,0.402,0.390375,2.809625
0.364,0.402,0.458,0.402,0.411,0.368,0.359,0.402,0.39575,2.80425
0.364,0.445,0.458,0.449,0.368,0.368,0.402,0.402,0.407,2.793
0.364,0.445,0.458,0.402,0.411,0.368,0.402,0.402,0.4065,2.7935
0.364,0.402,0.458,0.402,0.368,0.368,0.402,0.402,0.39575,2.80425
0.364,0.445,0.458,0.402,0.368,0.368,0.359,0.402,0.39575,2.80425
0.364,0.445,0.458,0.402,0.368,0.368,0.402,0.402,0.401125,2.798875
0.364,0.445,0.458,0.449,0.411,0.368,0.402,0.402,0.412375,2.787625
0.364,0.445,0.458,0.402,0.368,0.368,0.402,0.402,0.401125,2.798875
0.364,0.445,0.458,0.402,0.411,0.368,0.402,0.402,0.4065,2.7935
0.364,0.445,0.458,0.402,0.368,0.368,0.402,0.402,0.401125,2.798875
0.364,0.445,0.458,0.449,0.411,0.368,0.402,0.402,0.412375,2.787625
0.364,0.445,0.458,0.402,0.368,0.368,0.402,0.402,0.401125,2.798875
0.364,0.445,0.458,0.402,0.411,0.368,0.402,0.402,0.4065,2.7935
0.364,0.445,0.458,0.402,0.368,0.368,0.402,0.402,0.401125,2.798875
0.364,0.445,0.458,0.449,0.368,0.368,0.402,0.402,0.407,2.793
0.364,0.445,0.458,0.402,0.411,0.368,0.402,0.402,0.4065,2.7935
0.364,0.445,0.458,0.449,0.368,0.368,0.402,0.402,0.407,2.793
0.364,0.445,0.458,0.402,0.411,0.368,0.402,0.402,0.4065,2.7935
0.364,0.445,0.458,0.402,0.368,0.368,0.402,0.402,0.401125,2.798875
0.364,0.445,0.458,0.402,0.411,0.368,0.402,0.402,0.4065,2.7935
0.364,0.445,0.458,0.402,0.411,0.368,0.402,0.402,0.4065,2.7935
0.364,0.445,0.458,0.402,0.411,0.368,0.402,0.402,0.4065,2.7935
0.364,0.445,0.458,0.402,0.411,0.368,0.402,0.402,0.4065,2.7935
0.364,0.445,0.458,0.449,0.411,0.368,0.402,0.402,0.412375,2.787625
0.364,0.445,0.458,0.449,0.411,0.368,0.402,0.445,0.41775,2.78225
0.364,0.445,0.458,0.402,0.411,0.368,0.402,0.402,0.4065,2.7935
0.364,0.445,0.458,0.402,0.411,0.368,0.402,0.402,0.4065,2.7935
0.364,0.445,0.458,0.402,0.411,0.368,0.402,0.402,0.4065,2.7935
0.364,0.445,0.458,0.449,0.411,0.368,0.402,0.402,0.412375,2.787625
0.364,0.445,0.458,0.402,0.411,0.368,0.402,0.402,0.4065,2.7935
0.364,0.445,0.458,0.402,0.411,0.368,0.402,0.402,0.4065,2.7935
0.364,0.445,0.504,0.402,0.411,0.368,0.402,0.402,0.41225,2.78775
0.364,0.445,0.458,0.449,0.411,0.368,0.402,0.402,0.412375,2.787625
0.364,0.445,0.458,0.449,0.411,0.368,0.402,0.402,0.412375,2.787625
0.364,0.445,0.458,0.449,0.411,0.368,0.402,0.402,0.412375,2.787625
0.364,0.445,0.458,0.449,0.411,0.368,0.402,0.402,0.412375,2.787625
0.364,0.445,0.458,0.449,0.411,0.368,0.402,0.402,0.412375,2.787625
0.364,0.445,0.504,0.449,0.411,0.368,0.402,0.402,0.418125,2.781875
0.364,0.445,0.458,0.449,0.411,0.368,0.402,0.402,0.412375,2.787625
0.364,0.445,0.458,0.449,0.411,0.368,0.402,0.402,0.412375,2.787625
0.364,0.445,0.458,0.449,0.411,0.368,0.402,0.402,0.412375,2.787625
0.364,0.445,0.458,0.449,0.411,0.368,0.402,0.402,0.412375,2.787625
0.364,0.445,0.504,0.449,0.411,0.368,0.402,0.402,0.418125,2.781875
0.364,0.445,0.458,0.449,0.411,0.368,0.402,0.402,0.412375,2.787625
0.364,0.445,0.458,0.449,0.411,0.368,0.402,0.402,0.412375,2.787625
0.364,0.445,0.458,0.449,0.411,0.368,0.402,0.402,0.412375,2.787625
0.364,0.445,0.458,0.449,0.411,0.368,0.402,0.402,0.412375,2.787625
0.364,0.445,0.458,0.449,0.411,0.368,0.402,0.402,0.412375,2.787625
0.364,0.445,0.504,0.449,0.411,0.368,0.402,0.402,0.418125,2.781875
0.364,0.445,0.458,0.449,0.411,0.368,0.402,0.402,0.412375,2.787625
0.364,0.445,0.458,0.449,0.411,0.368,0.402,0.402,0.412375,2.787625
0.364,0.445,0.458,0.449,0.411,0.368,0.402,0.445,0.41775,2.78225
0.364,0.445,0.458,0.449,0.411,0.368,0.402,0.445,0.41775,2.78225
0.364,0.445,0.458,0.449,0.411,0.368,0.402,0.445,0.41775,2.78225
0.364,0.445,0.504,0.449,0.411,0.368,0.402,0.445,0.4235,2.7765
0.364,0.445,0.458,0.449,0.411,0.368,0.402,0.445,0.41775,2.78225
0.364,0.445,0.458,0.449,0.411,0.368,0.402,0.445,0.41775,2.78225
0.364,0.445,0.458,0.449,0.411,0.368,0.402,0.445,0.41775,2.78225
0.364,0.445,0.458,0.449,0.411,0.368,0.402,0.445,0.41775,2.78225
0.364,0.445,0.458,0.449,0.411,0.368,0.402,0.445,0.41775,2.78225
0.364,0.445,0.458,0.449,0.411,0.368,0.402,0.445,0.41775,2.78225
0.364,0.445,0.504,0.449,0.411,0.368,0.402,0.445,0.4235,2.7765
0.364,0.445,0.458,0.449,0.411,0.368,0.402,0.445,0.41775,2.78225
0.364,0.445,0.458,0.449,0.411,0.368,0.402,0.445,0.41775,2.78225
0.364,0.445,0.458,0.449,0.411,0.368,0.402,0.445,0.41775,2.78225
0.364,0.445,0.458,0.449,0.411,0.368,0.402,0.445,0.41775,2.78225
0.364,0.445,0.458,0.449,0.411,0.368,0.402,0.445,0.41775,2.78225
0.364,0.445,0.458,0.449,0.411,0.368,0.402,0.445,0.41775,2.78225
0.364,0.445,0.504,0.449,0.411,0.368,0.402,0.445,0.4235,2.7765
0.364,0.445,0.458,0.449,0.411,0.368,0.402,0.445,0.41775,2.78225
0.364,0.445,0.458,0.449,0.411,0.368,0.402,0.445,0.41775,2.78225
0.364,0.445,0.458,0.449,0.411,0.368,0.402,0.445,0.41775,2.78225
0.364,0.445,0.458,0.449,0.411,0.368,0.402,0.445,0.41775,2.78225
0.364,0.445,0.504,0.449,0.411,0.368,0.402,0.445,0.4235,2.7765
0.364,0.445,0.458,0.449,0.411,0.368,0.402,0.445,0.41775,2.78225
0.364,0.445,0.458,0.449,0.411,0.368,0.402,0.445,0.41775,2.78225
0.364,0.445,0.458,0.449,0.411,0.368,0.402,0.445,0.41775,2.78225
0.364,0.445,0.458,0.449,0.411,0.368,0.402,0.445,0.41775,2.78225
0.364,0.445,0.458,0.449,0.411,0.368,0.402,0.445,0.41775,2.78225
0.364,0.445,0.458,0.449,0.411,0.368,0.449,0.445,0.423625,2.776375
0.364,0.445,0.504,0.449,0.411,0.368,0.402,0.445,0.4235,2.7765
0.364,0.445,0.458,0.492,0.411,0.368,0.402,0.445,0.423125,2.776875
0.364,0.445,0.504,0.449,0.411,0.368,0.402,0.445,0.4235,2.7765
0.364,0.445,0.504,0.449,0.411,0.411,0.402,0.445,0.428875,2.771125
0.364,0.492,0.504,0.492,0.411,0.368,0.402,0.445,0.43475,2.76525
0.364,0.445,0.458,0.449,0.411,0.368,0.402,0.445,0.41775,2.78225
0.364,0.445,0.458,0.449,0.411,0.368,0.402,0.445,0.41775,2.78225
0.364,0.445,0.504,0.449,0.411,0.368,0.402,0.445,0.4235,2.7765
0.364,0.445,0.504,0.449,0.411,0.368,0.402,0.445,0.4235,2.7765
0.364,0.445,0.504,0.449,0.411,0.368,0.402,0.445,0.4235,2.7765
0.364,0.445,0.504,0.449,0.411,0.368,0.402,0.445,0.4235,2.7765
0.364,0.445,0.504,0.492,0.411,0.368,0.402,0.445,0.428875,2.771125
0.364,0.492,0.504,0.449,0.411,0.368,0.402,0.445,0.429375,2.770625
0.364,0.445,0.504,0.449,0.411,0.368,0.402,0.445,0.4235,2.7765
0.364,0.445,0.504,0.449,0.411,0.368,0.402,0.445,0.4235,2.7765
0.364,0.445,0.504,0.449,0.411,0.368,0.449,0.445,0.429375,2.770625
0.364,0.445,0.504,0.449,0.411,0.368,0.402,0.445,0.4235,2.7765
0.364,0.445,0.504,0.449,0.411,0.368,0.402,0.445,0.4235,2.7765
0.364,0.445,0.504,0.492,0.411,0.368,0.402,0.445,0.428875,2.771125
0.364,0.445,0.504,0.449,0.411,0.411,0.402,0.445,0.428875,2.771125
0.364,0.492,0.504,0.449,0.411,0.368,0.402,0.445,0.429375,2.770625
0.364,0.445,0.504,0.449,0.411,0.368,0.402,0.445,0.4235,2.7765
0.364,0.445,0.504,0.449,0.411,0.368,0.402,0.445,0.4235,2.7765
0.364,0.445,0.504,0.449,0.411,0.368,0.402,0.445,0.4235,2.7765
0.364,0.445,0.504,0.492,0.411,0.368,0.402,0.445,0.428875,2.771125
0.364,0.445,0.504,0.449,0.458,0.411,0.402,0.445,0.43475,2.76525
0.364,0.445,0.504,0.449,0.411,0.411,0.402,0.445,0.428875,2.771125
0.364,0.445,0.504,0.449,0.458,0.411,0.402,0.445,0.43475,2.76525
0.364,0.492,0.504,0.492,0.411,0.411,0.402,0.445,0.440125,2.759875
0.364,0.445,0.504,0.449,0.411,0.411,0.402,0.445,0.428875,2.771125
0.364,0.445,0.504,0.449,0.458,0.411,0.402,0.445,0.43475,2.76525
0.364,0.445,0.504,0.449,0.411,0.411,0.449,0.445,0.43475,2.76525
0.364,0.445,0.504,0.492,0.458,0.411,0.402,0.445,0.440125,2.759875
0.364,0.445,0.504,0.449,0.411,0.411,0.402,0.445,0.428875,2.771125
0.364,0.445,0.504,0.449,0.458,0.411,0.402,0.445,0.43475,2.76525
0.364,0.445,0.504,0.492,0.411,0.411,0.402,0.445,0.43425,2.76575
0.364,0.492,0.504,0.449,0.458,0.411,0.402,0.445,0.440625,2.759375
0.364,0.445,0.504,0.449,0.411,0.411,0.402,0.445,0.428875,2.771125
0.364,0.445,0.504,0.449,0.411,0.411,0.402,0.445,0.428875,2.771125
0.411,0.445,0.504,0.492,0.411,0.411,0.402,0.445,0.440125,2.759875
0.364,0.445,0.504,0.449,0.458,0.411,0.402,0.445,0.43475,2.76525
0.364,0.445,0.504,0.449,0.411,0.411,0.402,0.445,0.428875,2.771125
0.364,0.445,0.504,0.449,0.458,0.411,0.402,0.445,0.43475,2.76525
0.364,0.445,0.504,0.449,0.411,0.411,0.449,0.445,0.43475,2.76525
0.364,0.492,0.504,0.492,0.458,0.411,0.402,0.445,0.446,2.754
0.411,0.445,0.504,0.449,0.411,0.411,0.449,0.445,0.440625,2.759375
0.411,0.445,0.504,0.449,0.458,0.411,0.449,0.445,0.4465,2.7535
0.364,0.445,0.504,0.492,0.411,0.411,0.449,0.445,0.440125,2.759875
0.364,0.445,0.504,0.449,0.411,0.411,0.449,0.445,0.43475,2.76525
0.364,0.445,0.504,0.492,0.411,0.411,0.449,0.445,0.440125,2.759875
0.411,0.445,0.504,0.449,0.458,0.411,0.449,0.445,0.4465,2.7535
0.411,0.445,0.504,0.492,0.411,0.411,0.449,0.445,0.446,2.754
0.411,0.492,0.504,0.449,0.458,0.411,0.449,0.445,0.452375,2.747625
0.411,0.492,0.504,0.492,0.411,0.411,0.449,0.445,0.451875,2.748125
0.411,0.492,0.504,0.492,0.458,0.411,0.449,0.445,0.45775,2.74225
0.364,0.492,0.504,0.492,0.411,0.411,0.449,0.445,0.446,2.754
0.364,0.492,0.504,0.449,0.458,0.411,0.449,0.445,0.4465,2.7535
0.411,0.445,0.504,0.492,0.458,0.411,0.449,0.445,0.451875,2.748125
0.411,0.445,0.504,0.492,0.458,0.411,0.449,0.445,0.451875,2.748125
0.411,0.492,0.504,0.492,0.458,0.411,0.449,0.445,0.45775,2.74225
0.411,0.492,0.504,0.492,0.458,0.411,0.449,0.445,0.45775,2.74225
0.411,0.492,0.504,0.492,0.458,0.411,0.449,0.492,0.463625,2.736375
0.411,0.492,0.504,0.492,0.458,0.411,0.449,0.445,0.45775,2.74225
0.411,0.492,0.504,0.492,0.458,0.411,0.449,0.445,0.45775,2.74225
0.411,0.492,0.547,0.492,0.458,0.411,0.449,0.445,0.463125,2.736875
0.411,0.492,0.504,0.492,0.458,0.411,0.449,0.445,0.45775,2.74225
0.411,0.492,0.504,0.492,0.458,0.411,0.449,0.445,0.45775,2.74225
0.411,0.492,0.504,0.492,0.458,0.411,0.449,0.445,0.45775,2.74225
0.411,0.492,0.504,0.492,0.458,0.411,0.449,0.445,0.45775,2.74225
0.411,0.492,0.504,0.492,0.458,0.411,0.449,0.445,0.45775,2.74225
0.411,0.492,0.547,0.492,0.458,0.411,0.449,0.445,0.463125,2.736875
0.411,0.492,0.504,0.492,0.458,0.411,0.449,0.445,0.45775,2.74225
0.411,0.492,0.504,0.492,0.458,0.411,0.449,0.445,0.45775,2.74225
0.411,0.492,0.504,0.492,0.458,0.411,0.449,0.445,0.45775,2.74225
0.411,0.492,0.504,0.492,0.458,0.411,0.449,0.445,0.45775,2.74225
0.411,0.492,0.504,0.492,0.458,0.411,0.449,0.492,0.463625,2.736375
0.411,0.492,0.547,0.492,0.458,0.411,0.449,0.445,0.463125,2.736875
0.411,0.492,0.504,0.492,0.458,0.411,0.449,0.445,0.45775,2.74225
0.411,0.492,0.504,0.492,0.458,0.411,0.492,0.445,0.463125,2.736875
0.411,0.492,0.504,0.492,0.458,0.411,0.449,0.445,0.45775,2.74225
0.411,0.492,0.504,0.492,0.458,0.411,0.449,0.445,0.45775,2.74225
0.411,0.492,0.504,0.492,0.458,0.411,0.449,0.445,0.45775,2.74225
0.411,0.492,0.504,0.492,0.458,0.411,0.449,0.445,0.45775,2.74225
0.411,0.492,0.547,0.492,0.458,0.411,0.449,0.445,0.463125,2.736875
0.411,0.492,0.504,0.492,0.458,0.411,0.449,0.445,0.45775,2.74225
0.411,0.492,0.504,0.492,0.458,0.411,0.449,0.445,0.45775,2.74225
0.411,0.492,0.504,0.492,0.458,0.411,0.449,0.445,0.45775,2.74225
0.411,0.492,0.504,0.492,0.458,0.411,0.449,0.445,0.45775,2.74225
0.411,0.492,0.504,0.492,0.458,0.411,0.449,0.445,0.45775,2.74225
0.411,0.492,0.504,0.492,0.458,0.411,0.449,0.445,0.45775,2.74225
0.411,0.492,0.547,0.492,0.458,0.411,0.449,0.492,0.469,2.731
0.411,0.492,0.504,0.492,0.458,0.411,0.449,0.492,0.463625,2.736375
0.411,0.492,0.504,0.492,0.458,0.411,0.449,0.445,0.45775,2.74225
0.411,0.492,0.504,0.492,0.458,0.411,0.449,0.445,0.45775,2.74225
0.411,0.492,0.504,0.492,0.458,0.411,0.449,0.445,0.45775,2.74225
0.411,0.492,0.504,0.492,0.458,0.411,0.449,0.445,0.45775,2.74225
0.411,0.492,0.504,0.492,0.458,0.411,0.449,0.492,0.463625,2.736375
0.411,0.492,0.547,0.492,0.458,0.411,0.449,0.492,0.469,2.731
0.411,0.492,0.504,0.492,0.458,0.411,0.449,0.492,0.463625,2.736375
0.411,0.492,0.504,0.535,0.458,0.411,0.449,0.492,0.469,2.731
0.411,0.492,0.504,0.492,0.458,0.411,0.449,0.445,0.45775,2.74225
0.411,0.492,0.504,0.492,0.458,0.411,0.449,0.445,0.45775,2.74225
0.411,0.492,0.504,0.492,0.458,0.411,0.449,0.492,0.463625,2.736375
0.411,0.492,0.504,0.492,0.458,0.411,0.449,0.492,0.463625,2.736375
0.411,0.535,0.504,0.492,0.458,0.411,0.449,0.492,0.469,2.731
0.411,0.492,0.504,0.492,0.504,0.411,0.449,0.445,0.4635,2.7365
0.411,0.492,0.504,0.535,0.458,0.411,0.449,0.492,0.469,2.731
0.411,0.492,0.504,0.492,0.504,0.411,0.449,0.492,0.469375,2.730625
0.411,0.492,0.504,0.535,0.458,0.411,0.449,0.492,0.469,2.731
0.411,0.492,0.504,0.492,0.458,0.411,0.449,0.492,0.463625,2.736375
0.411,0.492,0.547,0.492,0.504,0.411,0.449,0.492,0.47475,2.72525
0.411,0.492,0.504,0.492,0.458,0.411,0.449,0.492,0.463625,2.736375
0.411,0.535,0.504,0.535,0.504,0.411,0.449,0.492,0.480125,2.719875
0.411,0.492,0.504,0.492,0.458,0.411,0.449,0.492,0.463625,2.736375
0.411,0.492,0.504,0.492,0.504,0.411,0.449,0.492,0.469375,2.730625
0.411,0.492,0.504,0.492,0.458,0.458,0.449,0.492,0.4695,2.7305
0.411,0.492,0.504,0.492,0.458,0.411,0.449,0.492,0.463625,2.736375
0.411,0.492,0.547,0.535,0.504,0.411,0.449,0.492,0.480125,2.719875
0.411,0.492,0.504,0.492,0.458,0.411,0.449,0.492,0.463625,2.736375
0.411,0.492,0.504,0.492,0.504,0.411,0.449,0.492,0.469375,2.730625
0.411,0.535,0.504,0.492,0.458,0.411,0.492,0.492,0.474375,2.725625
0.411,0.492,0.504,0.535,0.504,0.411,0.449,0.492,0.47475,2.72525
0.411,0.492,0.504,0.492,0.458,0.411,0.449,0.492,0.463625,2.736375
0.411,0.492,0.547,0.492,0.458,0.411,0.449,0.492,0.469,2.731
0.411,0.492,0.504,0.535,0.504,0.411,0.449,0.492,0.47475,2.72525
0.411,0.492,0.504,0.492,0.458,0.411,0.449,0.492,0.463625,2.736375
0.411,0.492,0.504,0.492,0.504,0.411,0.449,0.492,0.469375,2.730625
0.411,0.492,0.504,0.492,0.458,0.411,0.449,0.492,0.463625,2.736375
0.411,0.492,0.504,0.535,0.504,0.411,0.449,0.492,0.47475,2.72525
0.411,0.492,0.504,0.492,0.458,0.411,0.449,0.492,0.463625,2.736375
0.411,0.535,0.547,0.492,0.504,0.458,0.449,0.492,0.486,2.714
0.411,0.492,0.504,0.535,0.458,0.411,0.449,0.492,0.469,2.731
0.411,0.492,0.504,0.492,0.458,0.411,0.449,0.492,0.463625,2.736375
0.411,0.492,0.504,0.492,0.458,0.411,0.449,0.492,0.463625,2.736375
0.411,0.492,0.504,0.535,0.504,0.411,0.449,0.492,0.47475,2.72525
0.411,0.492,0.504,0.492,0.458,0.411,0.449,0.492,0.463625,2.736375
0.411,0.492,0.504,0.492,0.504,0.411,0.492,0.492,0.47475,2.72525
0.411,0.492,0.504,0.492,0.458,0.411,0.449,0.492,0.463625,2.736375
0.411,0.535,0.504,0.492,0.504,0.411,0.449,0.492,0.47475,2.72525
0.411,0.492,0.504,0.492,0.458,0.411,0.449,0.492,0.463625,2.736375
0.411,0.492,0.504,0.535,0.504,0.411,0.449,0.492,0.47475,2.72525
0.411,0.492,0.504,0.492,0.458,0.411,0.449,0.492,0.463625,2.736375
0.411,0.492,0.504,0.492,0.504,0.411,0.449,0.492,0.469375,2.730625
0.411,0.492,0.504,0.492,0.458,0.411,0.449,0.492,0.463625,2.736375
0.411,0.492,0.504,0.492,0.458,0.411,0.449,0.492,0.463625,2.736375
0.411,0.492,0.504,0.492,0.458,0.411,0.449,0.492,0.463625,2.736375
0.411,0.535,0.504,0.492,0.458,0.411,0.449,0.492,0.469,2.731
0.411,0.492,0.504,0.535,0.458,0.411,0.449,0.492,0.469,2.731
0.411,0.578,0.504,0.492,0.504,0.411,0.449,0.492,0.480125,2.719875
0.411,0.492,0.504,0.492,0.458,0.458,0.449,0.492,0.4695,2.7305
0.411,0.492,0.504,0.492,0.504,0.458,0.449,0.492,0.47525,2.72475
0.411,0.492,0.504,0.535,0.458,0.458,0.449,0.492,0.474875,2.725125
0.411,0.492,0.504,0.492,0.504,0.458,0.492,0.535,0.486,2.714
0.411,0.492,0.547,0.492,0.458,0.458,0.449,0.492,0.474875,2.725125
0.411,0.535,0.547,0.492,0.504,0.458,0.449,0.492,0.486,2.714
0.411,0.492,0.547,0.535,0.458,0.458,0.449,0.492,0.48025,2.71975
0.411,0.492,0.547,0.492,0.504,0.458,0.449,0.492,0.480625,2.719375
0.411,0.492,0.547,0.492,0.458,0.411,0.449,0.492,0.469,2.731
0.411,0.492,0.547,0.492,0.504,0.411,0.449,0.492,0.47475,2.72525
0.411,0.492,0.547,0.535,0.458,0.458,0.449,0.492,0.48025,2.71975
0.411,0.492,0.547,0.492,0.458,0.458,0.449,0.492,0.474875,2.725125
0.457,0.492,0.547,0.492,0.504,0.458,0.449,0.492,0.486375,2.713625
0.411,0.535,0.547,0.492,0.504,0.411,0.449,0.492,0.480125,2.719875
0.411,0.492,0.547,0.535,0.504,0.458,0.449,0.492,0.486,2.714
0.411,0.492,0.547,0.492,0.504,0.458,0.449,0.492,0.480625,2.719375
0.411,0.492,0.547,0.492,0.504,0.458,0.449,0.492,0.480625,2.719375
0.457,0.492,0.547,0.492,0.504,0.458,0.449,0.492,0.486375,2.713625
0.411,0.492,0.547,0.535,0.504,0.458,0.449,0.535,0.491375,2.708625
0.411,0.492,0.547,0.492,0.504,0.458,0.492,0.492,0.486,2.714
0.457,0.492,0.547,0.492,0.504,0.458,0.449,0.492,0.486375,2.713625
0.411,0.535,0.547,0.535,0.504,0.458,0.449,0.492,0.491375,2.708625
0.457,0.492,0.547,0.492,0.504,0.458,0.492,0.492,0.49175,2.70825
0.457,0.492,0.547,0.492,0.504,0.458,0.492,0.492,0.49175,2.70825
0.411,0.492,0.547,0.492,0.504,0.458,0.492,0.492,0.486,2.714
0.411,0.492,0.547,0.492,0.504,0.458,0.449,0.492,0.480625,2.719375
0.411,0.492,0.641,0.535,0.504,0.458,0.492,0.492,0.503125,2.696875
0.457,0.492,0.594,0.492,0.504,0.458,0.492,0.492,0.497625,2.702375
0.457,0.535,0.547,0.492,0.504,0.458,0.492,0.492,0.497125,2.702875
0.457,0.492,0.547,0.492,0.504,0.458,0.492,0.492,0.49175,2.70825
0.457,0.492,0.547,0.492,0.504,0.458,0.492,0.492,0.49175,2.70825
0.457,0.492,0.547,0.535,0.504,0.458,0.449,0.492,0.49175,2.70825
0.457,0.492,0.547,0.492,0.504,0.458,0.449,0.535,0.49175,2.70825
0.457,0.535,0.547,0.492,0.504,0.458,0.492,0.492,0.497125,2.702875
0.457,0.578,0.547,0.492,0.504,0.458,0.492,0.492,0.5025,2.6975
0.457,0.492,0.547,0.492,0.504,0.458,0.492,0.492,0.49175,2.70825
0.457,0.492,0.547,0.492,0.504,0.458,0.492,0.492,0.49175,2.70825
0.457,0.492,0.547,0.535,0.504,0.458,0.449,0.492,0.49175,2.70825
0.457,0.492,0.547,0.492,0.504,0.458,0.492,0.492,0.49175,2.70825
0.457,0.492,0.547,0.535,0.504,0.458,0.492,0.492,0.497125,2.702875
0.457,0.492,0.547,0.492,0.504,0.458,0.492,0.492,0.49175,2.70825
0.457,0.492,0.547,0.492,0.504,0.458,0.492,0.492,0.49175,2.70825
0.457,0.492,0.547,0.492,0.504,0.458,0.492,0.492,0.49175,2.70825
0.457,0.535,0.547,0.535,0.504,0.458,0.492,0.492,0.5025,2.6975
0.457,0.492,0.547,0.492,0.504,0.458,0.492,0.492,0.49175,2.70825
0.457,0.492,0.547,0.492,0.504,0.458,0.492,0.492,0.49175,2.70825
0.457,0.535,0.547,0.535,0.504,0.458,0.492,0.492,0.5025,2.6975
0.457,0.492,0.547,0.492,0.504,0.458,0.492,0.535,0.497125,2.702875
0.457,0.492,0.594,0.535,0.504,0.458,0.492,0.492,0.503,2.697
0.457,0.535,0.547,0.535,0.504,0.458,0.492,0.492,0.5025,2.6975
0.457,0.492,0.547,0.535,0.504,0.458,0.492,0.492,0.497125,2.702875
0.457,0.492,0.547,0.492,0.504,0.458,0.492,0.492,0.49175,2.70825
0.457,0.492,0.547,0.535,0.504,0.458,0.492,0.492,0.497125,2.702875
0.457,0.535,0.594,0.535,0.504,0.458,0.492,0.492,0.508375,2.691625
0.457,0.535,0.547,0.535,0.504,0.458,0.492,0.492,0.5025,2.6975
0.457,0.535,0.547,0.535,0.504,0.458,0.492,0.492,0.5025,2.6975
0.457,0.492,0.547,0.535,0.504,0.458,0.492,0.492,0.497125,2.702875
0.457,0.535,0.547,0.535,0.504,0.458,0.492,0.492,0.5025,2.6975
0.457,0.535,0.547,0.535,0.504,0.458,0.492,0.492,0.5025,2.6975
0.457,0.535,0.547,0.535,0.504,0.458,0.492,0.492,0.5025,2.6975
0.457,0.535,0.594,0.535,0.504,0.458,0.492,0.492,0.508375,2.691625
0.457,0.535,0.547,0.535,0.504,0.458,0.492,0.492,0.5025,2.6975
0.457,0.535,0.547,0.535,0.504,0.458,0.492,0.492,0.5025,2.6975
0.457,0.535,0.547,0.535,0.504,0.458,0.492,0.535,0.507875,2.692125
0.457,0.535,0.547,0.535,0.504,0.458,0.492,0.492,0.5025,2.6975
0.457,0.535,0.547,0.535,0.504,0.458,0.492,0.492,0.5025,2.6975
0.457,0.535,0.547,0.535,0.547,0.458,0.492,0.492,0.507875,2.692125
